"-86.982913","34.790304","Pep Boys-Athens,AL","1033 Us-72, Athens,AL 35614, (256) 216-6181","9443"
"-85.494864","32.581133","Pep Boys-Auburn,AL","1347 S College St, Auburn,AL 36830, (334) 501-8969","9444"
"-86.998641","33.360458","Pep Boys-Bessemer,AL","730 Academy Dr, Bessemer,AL 35023, (205) 425-7923","9445"
"-86.648018","33.59756","Pep Boys-Birmingham,AL","1901 Edwards Lake Rd, Birmingham,AL 35235, (205) 661-3199","9446"
"-87.898998","30.608739","Pep Boys-Daphne,AL","2112 Highway 98, Daphne,AL 36526, (251) 621-1712 ","9447"
"-86.973328","34.565083","Pep Boys-Decatur,AL","2330 Highway 31 South, Decatur,AL 35601, (256) 350-5381","9448"
"-85.432209","31.256232","Pep Boys-Dothan,AL","3532 Montgomery Hwy, Dothan,AL 36303, (334) 792-8695","9449"
"-87.683331","30.390987","Pep Boys-Foley,AL","1327 S Mckenzie St, Foley,AL 36535, (251) 971-1212 ","9450"
"-86.811362","33.655667","Pep Boys-Gardendale,AL","1210 Decatur Hwy, Gardendale,AL 35071, (205) 631-2344","9451"
"-86.8196259","33.4611664","Pep Boys-Homewood,AL","816 Greensprings Hwy, Homewood,AL 35209, (205) 948-1233","9452"
"-86.807632","33.376433","Pep Boys-Hoover,AL","3300 Galleria Circle, Hoover,AL 35244, (205) 682-0807 ","9453"
"-86.664315","33.408848","Pep Boys-Hoover,AL","5489 Highway 280, Hoover,AL 35242, (205) 408-7501","9454"
"-86.978758","33.451357","Pep Boys-Hueytown,AL","3019 Allison Bonnett Memorial Pkwy, Hueytown,AL 35023, (205) 744-8473","9455"
"-86.567135","34.638222","Pep Boys-Huntsville,AL","11114 S Memorial Pkwy, Huntsville,AL 35803, (256) 882-1276","9456"
"-86.637175","34.753049","Pep Boys-Huntsville,AL","2301 Jordan Lane Nw, Huntsville,AL 35816, (256) 830-0240","9457"
"-86.586082","34.701297","Pep Boys-Huntsville,AL","3305 S Memorial Pkwy, Huntsville,AL 35801, (256) 881-3940","9458"
"-86.752216","34.678496","Pep Boys-Madison,AL","105 Ivory Way, Madison,AL 35758, (256) 772-0250","9459"
"-88.139959","30.640084","Pep Boys-Mobile,AL","1215 Azalea Rd, Mobile,AL 36693, (251) 666-1200","9460"
"-88.114271","30.701481","Pep Boys-Mobile,AL","3108 Moffett Rd, Mobile,AL 36607, (251) 479-9444","9461"
"-88.173979","30.676108","Pep Boys-Mobile,AL","4700 Airport Blvd, Mobile,AL 36609, (251) 343-1430","9462"
"-88.152909","30.62311","Pep Boys-Mobile,AL","5335 Highway 90, Mobile,AL 36693, (251) 661-7974","9463"
"-88.223857","30.683854","Pep Boys-Mobile,AL","7756 Airport Blvd, Mobile,AL 36608, (251) 639-9680","9464"
"-88.134934","30.674581","Pep Boys-Mobile,AL","831 Montlimar Dr, Mobile,AL 36609, (251) 460-3161","9465"
"-86.21674","32.356907","Pep Boys-Montgomery,AL","1515 Eastern Blvd, Montgomery,AL 36117, (334) 309-3003","9466"
"-86.266194","32.362671","Pep Boys-Montgomery,AL","2769 Zelda Rd, Montgomery,AL 36106, (334) 271-2278","9467"
"-86.180528","32.331087","Pep Boys-Montgomery,AL","3541 Malcolm Dr, Montgomery,AL 36116, (334) 213-3260","9468"
"-86.203203","32.381955","Pep Boys-Montgomery,AL","5706 Atlanta Hwy, Montgomery,AL 36117, (334) 277-7072","9469"
"-86.299504","32.380175","Pep Boys-Montgomery,AL","715 Madison Ave, Montgomery,AL 36104, (334) 262-1994","9470"
"-85.437564","32.630042","Pep Boys-Opelika,AL","3904 Pepperell Pkwy, Opelika,AL 36801, (334) 741-0275","9471"
"-87.585343","30.290871","Pep Boys-Orange Beach,AL","25770 Canal Rd, Orange Beach,AL 36561, (251) 981-2060","9472"
"-86.811758","33.27788","Pep Boys-Pelham,AL","3318 Pelham Pkwy, Pelham,AL 35124, (205) 663-6421 ","9473"
"-85.051714","32.505649","Pep Boys-Phenix City,AL","5 Ashwood Dr, Phenix City,AL 36867, (334) 291-0813","9474"
"-86.682195","33.693765","Pep Boys-Pinson,AL","4675 Center Point Rd, Pinson,AL 35126, (205) 680-0559","9475"
"-86.423615","32.460533","Pep Boys-Prattville,AL","1749 E Main St, Prattville,AL 36066, (334) 361-9608","9476"
"-87.708367","30.53997","Pep Boys-Robertsdale,AL","21613 Highway 59, Robertsdale,AL 36567, (251) 945-1435","9477"
"-88.071904","30.803146","Pep Boys-Saraland,AL","821 Highway 43 S, Saraland,AL 36571, (251) 675-2171","9478"
"-87.525655","33.181486","Pep Boys-Tuscaloosa,AL","3025 Mcfarland Blvd, Tuscaloosa,AL 35405, (205) 556-0934 ","9479"
"-87.543464","33.165548","Pep Boys-Tuscaloosa,AL","535 Skyland Blvd, Tuscaloosa,AL 35405, (205) 345-3045","9480"
"-86.800952","33.419181","Pep Boys-Vestavia Hills,AL","1453 Montgomery Hwy, Vestavia Hills,AL 35216, (205) 823-1453","9481"
"-92.220649","34.789345","Pep Boys-N Little Rock,AR","4228 E Mccain Blvd, N Little Rock,AR 72117, (501) 945-5050","9482"
"-111.741889","32.879578","Pep Boys-Casa Grande,AZ","930 E Florence Blvd, Casa Grande,AZ 85122, (520) 426-9250","9483"
"-111.8416","33.296869","Pep Boys-Chandler,AZ","400 S Arizona Ave, Chandler,AZ 85225, (480) 899-0822","9484"
"-112.195663","33.638472","Pep Boys-Glendale,AZ","6311 W Bell Rd, Glendale,AZ 85308, (623) 878-6144","9485"
"-112.341171","33.452799","Pep Boys-Goodyear,AZ","660 N Dysart, Goodyear,AZ 85338, (623) 293-9601","9486"
"-111.840066","33.392357","Pep Boys-Mesa,AZ","1233 S Country Club Dr, Mesa,AZ 85210, (480) 964-1784","9487"
"-111.664458","33.415162","Pep Boys-Mesa,AZ","7715 E Main St, Mesa,AZ 85207, (480) 986-1193 ","9488"
"-110.937287","31.340247","Pep Boys-Nogales,AZ","470 N Grand Ave, Nogales,AZ 85621, (520) 287-3626","9489"
"-112.219045","33.581424","Pep Boys-Peoria,AZ","7440 W Peoria Ave, Peoria,AZ 85345, (623) 486-4544","9490"
"-112.029264","33.465789","Pep Boys-Phoenix,AZ","2424 E Mcdowell, Phoenix,AZ 85008, (602) 231-0147","9491"
"-112.113392","33.451172","Pep Boys-Phoenix,AZ","2502 W Van Buren, Phoenix,AZ 85009, (602) 269-6771","9492"
"-112.023046","33.64063","Pep Boys-Phoenix,AZ","2754 E Bell Rd, Phoenix,AZ 85032, (602) 867-7985","9493"
"-112.1350861","33.5978508","Pep Boys-Phoenix,AZ","3528 W Cactus Rd, Phoenix,AZ 85029, (602) 439-0803","9494"
"-111.926198","33.475817","Pep Boys-Scottsdale,AZ","2524 N Scottsdale Rd, Scottsdale,AZ 85257, (480) 945-9958","9495"
"-111.910113","33.41467","Pep Boys-Tempe,AZ","1747 E Apache Blvd, Tempe,AZ 85281, (480) 967-7577","9496"
"-110.968506","32.205619","Pep Boys-Tucson,AZ","1300 S 6th Ave, Tucson,AZ 85713, (520) 622-4884","9497"
"-110.978256","32.27497","Pep Boys-Tucson,AZ","3783 N Oracle Rd, Tucson,AZ 85705, (520) 293-5070","9498"
"-111.056766","32.337509","Pep Boys-Tucson,AZ","4275 W Ina Rd, Tucson,AZ 85741, (520) 744-6626","9499"
"-110.897284","32.236285","Pep Boys-Tucson,AZ","4491 E Speedway Blvd, Tucson,AZ 85712, (520) 795-5993","9500"
"-110.838315","32.206596","Pep Boys-Tucson,AZ","7227 E 22nd St, Tucson,AZ 85710, (520) 721-0424","9501"
"-114.619252","32.669367","Pep Boys-Yuma,AZ","155 E 32nd St, Yuma,AZ 85364, (928) 726-6740","9502"
"-117.723404","33.572384","Pep Boys-Aliso Viejo,CA","26881 Aliso Creek Rd, Aliso Viejo,CA 92656, (949) 362-9254","9503"
"-117.885","33.839275","Pep Boys-Anaheim,CA","2312 E. Lincoln Ave, Anaheim,CA 92806, (714) 533-3469 ","9504"
"-117.995323","33.831972","Pep Boys-Anaheim,CA","3030 W Lincoln Ave, Anaheim,CA 92801, (714) 826-4810 ","9505"
"-117.745773","33.86737","Pep Boys-Anaheim,CA","8205 E Santa Ana Canyon, Anaheim,CA 92808, (714) 974-0105","9506"
"-119.1193924","35.3840752","Pep Boys-Bakersfield,CA","10500 Rosedale Hwy, Bakersfield,CA 93312, (661) 589-8368","9507"
"-119.02347","35.381305","Pep Boys-Bakersfield,CA","2411 F St, Bakersfield,CA 93301, (661) 325-9015","9508"
"-118.938279","35.376088","Pep Boys-Bakersfield,CA","4014 E Niles St, Bakersfield,CA 93306, (661) 872-7390 ","9509"
"-119.053732","35.325037","Pep Boys-Bakersfield,CA","4605 Planz Rd, Bakersfield,CA 93309, (661) 834-6858 ","9510"
"-119.0752168","35.3180871","Pep Boys-Bakersfield,CA","6561 White Lane, Bakersfield,CA 93309, (661) 241-7695","9511"
"-118.150313","33.874792","Pep Boys-Bellflower,CA","8533 Artesia Blvd, Bellflower,CA 90706, (562) 630-8985","9512"
"-118.315051","34.174906","Pep Boys-Burbank,CA","254 W Olive St, Burbank,CA 91502, (818) 845-3555 ","9513"
"-118.348437","34.175279","Pep Boys-Burbank,CA","3514 W Burbank Blvd, Burbank,CA 91505, (818) 840-0745","9514"
"-115.498611","32.668903","Pep Boys-Calexico,CA","400 Imperial Ave, Calexico,CA 92231, (760) 357-4966 ","9515"
"-118.26125","33.841033","Pep Boys-Carson,CA","810 E Dominguez Blvd, Carson,CA 90746, (310) 532-2050","9516"
"-116.455409","33.86113","Pep Boys-Cathedral City,CA","31-505 Date Palm Dr, Cathedral City,CA 92234, (760) 324-7677","9517"
"-118.078033","33.858485","Pep Boys-Cerritos,CA","11944 South St, Cerritos,CA 90703, (562) 402-1987","9518"
"-121.841316","39.74609","Pep Boys-Chico,CA","1555 Mangrove Ave, Chico,CA 95926, (530) 895-1336","9519"
"-117.689567","34.035812","Pep Boys-Chino,CA","11980 Central Ave, Chino,CA 91710, (909) 627-3662","9520"
"-117.716632","33.997258","Pep Boys-Chino,CA","4046 Grand Ave, Chino,CA 91710, (909) 590-7141","9521"
"-117.017546","32.637902","Pep Boys-Chula Vista,CA","1000 Tierra Del Rey, Chula Vista,CA 91910, (619) 216-4604","9522"
"-117.090042","32.632398","Pep Boys-Chula Vista,CA","454 Broadway, Chula Vista,CA 91910, (619) 426-2444 ","9523"
"-117.916909","33.990192","Pep Boys-City Of Industry,CA","17811 Colima Rd, City Of Industry,CA 91748, (626) 964-8176","9524"
"-117.6284332","33.4323006","Pep Boys-Clemente,CA","1606 N El Camino Real, San Clemente,CA 92672, (949) 492-8977","9525"
"-119.725151","36.808572","Pep Boys-Clovis,CA","693 W Shaw Ave, Clovis,CA 93612, (559) 298-2557","9526"
"-117.564443","33.887547","Pep Boys-Corona,CA","581 N Main St, Corona,CA 92880, (951) 279-9230","9527"
"-117.9146957","33.6446609","Pep Boys-Costa Mesa,CA","1950 Newport Blvd, Costa Mesa,CA 92627, (949) 645-3554","9528"
"-117.88632","33.67798","Pep Boys-Costa Mesa,CA","2946 S Bristol St, Costa Mesa,CA 92626, (714) 549-1533","9529"
"-117.907629","34.102181","Pep Boys-Covina,CA","1240 N Azusa Ave, Covina,CA 91722, (626) 966-1244","9530"
"-118.405328","34.002066","Pep Boys-Culver City,CA","4520 S Sepulveda Blvd, Culver City,CA 90230, (310) 397-5553","9531"
"-118.118077","33.945948","Pep Boys-Downey,CA","10231 Lakewood Blvd, Downey,CA 90241, (562) 861-9909","9532"
"-118.1390991","33.9405403","Pep Boys-Downey,CA","11432 Paramount Blvd, Downey,CA 90241, (562) 622-6757","9533"
"-116.93517","32.793827","Pep Boys-El Cajon,CA","201 Jamacha Rd, El Cajon,CA 92019, (619) 590-0084","9534"
"-115.570255","32.800456","Pep Boys-El Centro,CA","902 N Imperial Ave, El Centro,CA 92243, (760) 353-8565","9535"
"-118.019981","34.063256","Pep Boys-El Monte,CA","11937 E Valley Blvd, El Monte,CA 91732, (626) 401-0404 ","9536"
"-117.261029","33.051982","Pep Boys-Encinitas,CA","256 El Camino Real N, Encinitas,CA 92024, (760) 944-7007","9537"
"-117.09699","33.1267","Pep Boys-Escondido,CA","855 W Mission Ave, Escondido,CA 92025, (760) 741-8426","9538"
"-117.439412","34.070274","Pep Boys-Fontana,CA","16711 Valley Blvd, Fontana,CA 92335, (909) 823-7131 ","9539"
"-117.937953","33.7018","Pep Boys-Fountain Valley,CA","10960 Talbert Ave, Fountain Valley,CA 92708, (714) 593-4971","9540"
"-119.790647","36.784257","Pep Boys-Fresno,CA","3655 N Blackstone, Fresno,CA 93726, (559) 225-8811","9541"
"-119.873756","36.808328","Pep Boys-Fresno,CA","4490 W Shaw Ave, Fresno,CA 93722, (559) 276-7501","9542"
"-119.698853","36.735967","Pep Boys-Fresno,CA","5615 E Kings Canyon Rd, Fresno,CA 93727, (559) 251-6600","9543"
"-119.788038","36.730358","Pep Boys-Fresno,CA","716 Broadway, Fresno,CA 93721, (559) 264-3029","9544"
"-117.924198","33.856","Pep Boys-Fullerton,CA","1530 S Harbor Blvd, Fullerton,CA 92832, (714) 870-0700","9545"
"-118.502184","34.272547","Pep Boys-Granada Hills,CA","11130 Balboa Blvd, Granada Hills,CA 91344, (818) 360-1211","9546"
"-119.675549","36.328121","Pep Boys-Hanford,CA","1840 W Lacey Blvd, Hanford,CA 93230, (559) 583-9790","9547"
"-118.299688","33.789467","Pep Boys-Harbor City,CA","1315 Pacific Coast Hwy, Harbor City,CA 90710, (310) 325-7510","9548"
"-116.992886","33.747432","Pep Boys-Hemet,CA","2050 W Florida Ave, Hemet,CA 92545, (951) 766-1477","9549"
"-117.321358","34.424451","Pep Boys-Hesperia,CA","15659 Main St, Hesperia,CA 92345, (760) 947-4791","9550"
"-117.306912","34.47081","Pep Boys-Hesperia,CA","16349 Bear Valley Rd, Hesperia,CA 92345, (760) 949-2430 ","9551"
"-118.323266","34.101658","Pep Boys-Hollywood,CA","6125 Hollywood Blvd, Hollywood,CA 90028, (323) 469-1195","9552"
"-117.953965","33.685252","Pep Boys-Huntington Beach,CA","19122 Brookhurst St, Huntington Beach,CA 92646, (714) 964-0777","9553"
"-118.223329","33.98537","Pep Boys-Huntington Park,CA","2671 Randolph St, Huntington Park,CA 90255, (323) 583-6855","9554"
"-116.216179","33.71491","Pep Boys-Indio,CA","81-246 State Highway 111, Indio,CA 92201, (760) 347-4597","9555"
"-118.35193","33.957053","Pep Boys-Inglewood,CA","200 E Spruce Ave, Inglewood,CA 90301, (323) 678-2255","9556"
"-117.94636","33.917348","Pep Boys-La Habra,CA","125 W Imperial Hwy, La Habra,CA 90631, (714) 447-0601","9557"
"-118.011997","33.918145","Pep Boys-La Mirada,CA","12251 La Mirada Blvd, La Mirada,CA 90638, (562) 777-0301","9558"
"-118.028423","33.902599","Pep Boys-La Mirada,CA","14207 Rosecrans Ave, La Mirada,CA 90638, (562) 944-6437","9559"
"-117.710974","33.633463","Pep Boys-Lake Forest,CA","22671 Lake Forest Dr, Lake Forest,CA 92630, (949) 855-9593","9560"
"-116.931133","32.85359","Pep Boys-Lakeside,CA","9668 Winter Gardens Blvd, Lakeside,CA 92040, (619) 561-3350","9561"
"-118.1250916","33.8470116","Pep Boys-Lakewood,CA","5433 E Del Amo Blvd, Lakewood,CA 90713, (562) 804-1436","9562"
"-118.165677","34.686589","Pep Boys-Lancaster,CA","44229 20th St W, Lancaster,CA 93534, (661) 945-9408","9563"
"-118.352757","33.900915","Pep Boys-Lawndale,CA","14411 S Hawthorne Blvd, Lawndale,CA 90260, (310) 644-1800","9564"
"-121.260465","38.116083","Pep Boys-Lodi,CA","1401 S Cherokee Ln, Lodi,CA 95240, (209) 365-0175 ","9565"
"-118.138651","33.787198","Pep Boys-Long Beach,CA","4645 E Pacific Coast Hwy, Long Beach,CA 90804, (562) 985-0778","9566"
"-118.423421","34.042631","Pep Boys-Los Angeles,CA","10644 W Pico Blvd, Los Angeles,CA 90064, (310) 836-6622","9567"
"-118.282902","34.039287","Pep Boys-Los Angeles,CA","1200 W Washington Blvd, Los Angeles,CA 90015, (213) 749-1594","9568"
"-118.152607","34.033294","Pep Boys-Los Angeles,CA","256 S Atlantic Blvd, Los Angeles,CA 90022, (323) 722-1000","9569"
"-118.24904","34.118062","Pep Boys-Los Angeles,CA","3332 San Fernando Rd, Los Angeles,CA 90065, (323) 258-0325","9570"
"-118.335114","34.018717","Pep Boys-Los Angeles,CA","3737 Crenshaw Blvd, Los Angeles,CA 90016, (323) 290-1125","9571"
"-118.2776337","34.0955429","Pep Boys-Los Angeles,CA","3904 Fountain Ave, Los Angeles,CA 90029, (323) 662-6401","9572"
"-120.493999","37.305382","Pep Boys-Merced,CA","1207 W Main St, Merced,CA 95340, (209) 723-3177","9573"
"-120.993897","37.66245","Pep Boys-Modesto,CA","1340 Mchenry Ave, Modesto,CA 95350, (209) 529-3310","9574"
"-118.003266","34.140485","Pep Boys-Monrovia,CA","201 West Huntington Dr, Monrovia,CA 91016, (626) 303-3906","9575"
"-117.692618","34.092359","Pep Boys-Montclair,CA","5150 Arrow Hwy, Montclair,CA 91763, (909) 626-0717","9576"
"-117.253294","33.938908","Pep Boys-Moreno Valley,CA","23470 Sunny Mead Blvd, Moreno Valley,CA 92553, (951) 247-4564 ","9577"
"-118.384399","34.181037","Pep Boys-N Hollywood,CA","6065 Lankershim Blvd, N Hollywood,CA 91606, (818) 763-0355","9578"
"-118.082559","33.903851","Pep Boys-Norwalk,CA","14020 Pioneer Blvd, Norwalk,CA 90650, (562) 863-9670","9579"
"-117.363405","33.204982","Pep Boys-Oceanside,CA","2041 Mission Ave, Oceanside,CA 92058, (760) 721-4195","9580"
"-117.293221","33.182358","Pep Boys-Oceanside,CA","3752 Plaza Dr, Oceanside,CA 92056, (760) 724-2726","9581"
"-117.610991","34.029512","Pep Boys-Ontario,CA","2415 S Vineyard Ave, Ontario,CA 91761, (909) 947-6889","9582"
"-117.8703079","33.7874374","Pep Boys-Orange,CA","1640 W Chapman Ave, Orange,CA 92868, (714) 978-6294","9583"
"-117.851616","33.809108","Pep Boys-Orange,CA","215 E Katella Ave, Orange,CA 92867, (714) 997-1540","9584"
"-119.177514","34.19181","Pep Boys-Oxnard,CA","939 S Oxnard Blvd, Oxnard,CA 93030, (805) 486-6387","9585"
"-118.074769","34.580212","Pep Boys-Palmdale,CA","3054 E Palmdale Blvd, Palmdale,CA 93550, (661) 266-0193","9586"
"-118.449005","34.225215","Pep Boys-Panorama City,CA","8521 Van Nuys Blvd, Panorama City,CA 91402, (818) 891-2949","9587"
"-118.127143","34.145948","Pep Boys-Pasadena,CA","1135 E Colorado Blvd, Pasadena,CA 91106, (626) 793-8181 ","9588"
"-122.067052","37.980447","Pep Boys-Pleasant Hill,CA","520 Contra Costa Blvd, Pleasant Hill,CA 94523, (925) 691-0178","9589"
"-117.745189","34.062502","Pep Boys-Pomona,CA","336 E Holt Ave, Pomona,CA 91767, (909) 623-3476","9590"
"-117.743564","34.107117","Pep Boys-Pomona,CA","340 E. Foothill Blvd, Pomona,CA 91767, (909) 392-1038 ","9591"
"-121.279091","38.600904","Pep Boys-Rancho Cordova,CA","10899 Folsom Blvd, Rancho Cordova,CA 95670, (916) 638-4808","9592"
"-117.5479214","34.1065085","Pep Boys-Rancho Cucamonga,CA","11788 Foothill Blvd, Rancho Cucamonga,CA 91730, (909) 484-1801","9593"
"-117.602708","34.106671","Pep Boys-Rancho Cucamonga,CA","9292 Foothill Blvd, Rancho Cucamonga,CA 91730, (909) 945-3313","9594"
"-117.210999","34.062909","Pep Boys-Redlands,CA","1650 W Redlands Blvd, Redlands,CA 92373, (909) 792-9110","9595"
"-118.380041","33.872772","Pep Boys-Redondo Beach,CA","1800 Artesia Blvd, Redondo Beach,CA 90278, (310) 798-9968","9596"
"-118.536041","34.20372","Pep Boys-Reseda,CA","7340 Reseda Blvd, Reseda,CA 91335, (818) 708-7002","9597"
"-117.3785446","34.0705461","Pep Boys-Rialto,CA","484 W Valley Blvd, Rialto,CA 92376, (909) 877-3421","9598"
"-117.361127","34.106753","Pep Boys-Rialto,CA","505 E Foothill Blvd, Rialto,CA 92376, (909) 421-1177","9599"
"-117.471045","33.906575","Pep Boys-Riverside,CA","10831 Magnolia Ave, Riverside,CA 92505, (951) 354-0100","9600"
"-122.713546","38.365561","Pep Boys-Rohnert Park,CA","4805 Redwood Dr, Rohnert Park,CA 94928, (707) 588-0799 ","9601"
"-121.403452","38.596026","Pep Boys-Sacramento,CA","2500 Arden Way, Sacramento,CA 95825, (916) 646-6671","9602"
"-121.475531","38.631577","Pep Boys-Sacramento,CA","3534 Northgate Blvd, Sacramento,CA 95834, (916) 567-0137","9603"
"-121.345293","38.662237","Pep Boys-Sacramento,CA","5135 Auburn Blvd, Sacramento,CA 95841, (916) 331-4880","9604"
"-121.436932","38.510508","Pep Boys-Sacramento,CA","5895 47th Ave, Sacramento,CA 95824, (916) 392-3131","9605"
"-117.294133","34.099305","Pep Boys-San Bernardino,CA","147 S E St, San Bernardino,CA 92401, (909) 884-4771","9606"
"-122.252386","37.501465","Pep Boys-San Carlos,CA","1087 Old County Rd, San Carlos,CA 94070, (650) 632-1522 ","9607"
"-117.116707","32.755307","Pep Boys-San Diego,CA","3550 El Cajon Blvd, San Diego,CA 92104, (619) 283-7107","9608"
"-117.185153","32.823917","Pep Boys-San Diego,CA","4441 Genesee Ave, San Diego,CA 92117, (858) 569-9533","9609"
"-117.053184","32.768607","Pep Boys-San Diego,CA","6714 El Cajon Blvd, San Diego,CA 92115, (619) 463-4402 ","9610"
"-118.443553","34.284762","Pep Boys-San Fernando,CA","1231 San Fernando Rd, San Fernando,CA 91340, (818) 898-1491","9611"
"-118.073429","34.09653","Pep Boys-San Gabriel,CA","5439 Rosemead Blvd, San Gabriel,CA 91776, (626) 285-2325","9612"
"-121.825289","37.35194","Pep Boys-San Jose,CA","2730 E Story Rd, San Jose,CA 95127, (408) 254-7022","9613"
"-121.967787","37.323215","Pep Boys-San Jose,CA","3780 Stevens Creek Blvd, San Jose,CA 95117, (408) 246-8090","9614"
"-122.131915","37.70759","Pep Boys-San Leandro,CA","14845 E 14th St, San Leandro,CA 94578, (510) 895-9200","9615"
"-117.867135","33.745408","Pep Boys-Santa Ana,CA","120 E 1st St, Santa Ana,CA 92701, (714) 547-7477","9616"
"-117.8517761","33.7163887","Pep Boys-Santa Ana,CA","1409 E Warner Ave, Santa Ana,CA 92705, (714) 751-6761","9617"
"-118.494402","34.420468","Pep Boys-Santa Clarita,CA","20600 Golden Triangle Rd, Santa Clarita,CA 91351, (661) 251-8004 ","9618"
"-120.43613","34.928936","Pep Boys-Santa Maria,CA","1723 S Broadway, Santa Maria,CA 93454, (805) 345-4180","9619"
"-118.4647369","34.0223846","Pep Boys-Santa Monica,CA","2411 Pico Blvd, Santa Monica,CA 90405, (310) 829-1534","9620"
"-116.978108","32.838534","Pep Boys-Santee,CA","10041 Mission Gorge Rd, Santee,CA 92071, (619) 596-4567","9621"
"-118.784636","34.271642","Pep Boys-Simi Valley,CA","660 E Los Angeles Ste A, Simi Valley,CA 93065, (805) 522-4002","9622"
"-117.010306","32.705089","Pep Boys-Spring Valley,CA","8888 Jamacha Blvd, Spring Valley,CA 91977, (619) 464-0406","9623"
"-121.290112","38.000293","Pep Boys-Stockton,CA","4987 West Ln, Stockton,CA 95210, (209) 952-1222","9624"
"-121.276344","37.940615","Pep Boys-Stockton,CA","845 Dr. Martin Luther King Jr Blvd, Stockton,CA 95206, (209) 464-6066","9625"
"-118.383873","34.1396523","Pep Boys-Studio City,CA","11550 Ventura Blvd, Studio City,CA 91604, (818) 358-4242","9626"
"-122.030459","37.366181","Pep Boys-Sunnyvale,CA","170 E El Camino Real, Sunnyvale,CA 94087, (408) 774-0159","9627"
"-117.1551796","33.5073379","Pep Boys-Temecula,CA","28007 Jefferson Ave, Temecula,CA 92590, (951) 694-5722","9628"
"-117.154805","33.528861","Pep Boys-Temecula,CA","40605 Winchester Rd, Temecula,CA 92591, (951) 695-2322","9629"
"-118.847127","34.175393","Pep Boys-Thousand Oaks,CA","2099 E Thousand Oaks Blvd, Thousand Oaks,CA 91362, (805) 497-0089","9630"
"-118.3541794","33.8475761","Pep Boys-Torrance,CA","20333 Hawthorne Blvd, Torrance,CA 90503, (310) 370-6296","9631"
"-118.341342","33.824481","Pep Boys-Torrance,CA","3124 Sepulveda Blvd, Torrance,CA 90505, (310) 326-3002","9632"
"-118.2735138","34.2454948","Pep Boys-Tujunga,CA","6511 Foothill Blvd, Tujunga,CA 91042, (818) 353-8100","9633"
"-122.047285","37.59034","Pep Boys-Union City,CA","30085 Industrial Pky S W, Union City,CA 94587, (510) 441-0261 ","9634"
"-117.647455","34.106815","Pep Boys-Upland,CA","304 E Foothill Blvd, Upland,CA 91786, (909) 931-9996","9635"
"-122.217732","38.133852","Pep Boys-Vallejo,CA","128 Plaza Dr, Vallejo,CA 94591, (707) 648-1032","9636"
"-118.466162","34.181455","Pep Boys-Van Nuys,CA","6110 Sepulveda Blvd, Van Nuys,CA 91411, (818) 787-3311","9637"
"-119.26006","34.272331","Pep Boys-Ventura,CA","2705 East Thompson Blvd, Ventura,CA 93003, (805) 652-0653","9638"
"-119.238901","34.263551","Pep Boys-Ventura,CA","4001 E Main St, Ventura,CA 93003, (805) 658-7333","9639"
"-117.315783","34.513797","Pep Boys-Victorville,CA","14475 7th St, Victorville,CA 92395, (760) 245-6055","9640"
"-119.313819","36.304145","Pep Boys-Visalia,CA","3015 S Mooney Blvd, Visalia,CA 93277, (559) 733-4535","9641"
"-117.233106","33.210824","Pep Boys-Vista,CA","865 Vista Way, Vista,CA 92084, (760) 643-9171","9642"
"-117.913968","34.03082","Pep Boys-West Covina,CA","1540 E Amar Rd, West Covina,CA 91792, (626) 810-9936","9643"
"-117.927191","34.067004","Pep Boys-West Covina,CA","501 S Vincent Ave, West Covina,CA 91790, (626) 480-1802","9644"
"-118.4401627","34.0432739","Pep Boys-West Los Angeles,CA","1992 S Sepulveda Blvd, West Los Angeles,CA 90025, (310) 477-1438","9645"
"-118.392855","33.959788","Pep Boys-Westchester,CA","6136 W Manchester Ave, Westchester,CA 90045, (310) 670-2420","9646"
"-117.989563","33.741427","Pep Boys-Westminster,CA","15221 Beach Blvd, Westminster,CA 92683, (714) 893-8544","9647"
"-118.067582","33.97106","Pep Boys-Whittier,CA","11456 E Washington Blvd, Whittier,CA 90606, (562) 908-4400","9648"
"-117.9402008","33.9391212","Pep Boys-Whittier,CA","14101 E Whittier Blvd, Whittier,CA 90605, (562) 698-0503","9649"
"-118.623387","34.18532","Pep Boys-Woodland Hills,CA","6325 Fallbrook Ave, Woodland Hills,CA 91367, (818) 883-1770","9650"
"-117.081299","34.033822","Pep Boys-Yucaipa,CA","33133 Yucaipa Blvd, Yucaipa,CA 92399, (909) 790-6841","9651"
"-104.840454","39.696552","Pep Boys-Aurora,CO","12820 E Mississippi Ave, Aurora,CO 80012, (303) 338-8080 ","9652"
"-104.757334","38.83391","Pep Boys-Colorado Spgs,CO","135 N Academy Blvd, Colorado Spgs,CO 80909, (719) 380-0003","9653"
"-104.799444","38.94166","Pep Boys-Colorado Spgs,CO","7625 N Academy Blvd, Colorado Spgs,CO 80920, (719) 599-4455","9654"
"-104.987617","39.707887","Pep Boys-Denver,CO","487 S Broadway, Denver,CO 80209, (303) 778-0440","9655"
"-105.091059","39.623079","Pep Boys-Lakewood,CO","5134 S Wadsworth Blvd, Lakewood,CO 80123, (303) 932-0606","9656"
"-104.902064","39.56078","Pep Boys-Littleton,CO","7469 Park Meadows Dr, Littleton,CO 80124, (303) 754-0010","9657"
"-105.080647","39.776649","Pep Boys-Wheat Ridge,CO","7525 West 44th Ave, Wheat Ridge,CO 80033, (303) 420-7444","9658"
"-72.730082","41.647486","Pep Boys-Berlin,CT","44 Berlin Turnpike, Berlin,CT 06037, (860) 829-6800","9659"
"-73.181462","41.198718","Pep Boys-Bridgeport,CT","513 Boston Ave, Bridgeport,CT 06610, (203) 335-6009 ","9660"
"-72.916829","41.372999","Pep Boys-Hamden,CT","2301 Dixwell Ave, Hamden,CT 06514, (203) 281-4441","9661"
"-72.569856","41.766931","Pep Boys-Manchester,CT","205 Spencer St, Manchester,CT 06040, (860) 646-5900","9662"
"-72.993128","41.273568","Pep Boys-Orange,CT","145 Boston Post Rd, Orange,CT 06477, (203) 795-1616","9663"
"-73.011779","41.560559","Pep Boys-Waterbury,CT","699 Wolcott St, Waterbury,CT 06705, (203) 757-5678","9664"
"-72.721897","41.730183","Pep Boys-West Hartford,CT","1006 New Britain Ave, West Hartford,CT 06110, (860) 570-2525","9665"
"-75.664356","39.630325","Pep Boys-Bear,DE","1164 Pulaski Hwy, Bear,DE 19701, (302) 836-3338","9666"
"-75.532712","39.183704","Pep Boys-Dover,DE","919 N Dupont Hwy, Dover,DE 19901, (302) 678-2050","9667"
"-75.617213","39.664797","Pep Boys-New Castle,DE","135 Christianna Rd (Route 273), New Castle,DE 19720, (302) 322-4307","9668"
"-75.581937","39.689471","Pep Boys-New Castle,DE","1400 N Dupont Pky, New Castle,DE 19720, (302) 322-5576","9669"
"-75.736624","39.684129","Pep Boys-Newark,DE","121 College Sq, Newark,DE 19711, (302) 368-1828","9670"
"-75.547752","39.798361","Pep Boys-Talleyville,DE","2904 Concord Pike, Talleyville,DE 19803, (302) 478-7006","9671"
"-75.62493","39.737394","Pep Boys-Wilmington,DE","3207 Robert Kirkwood Hwy, Wilmington,DE 19808, (302) 998-2254","9672"
"-75.661414","39.72203","Pep Boys-Wilmington,DE","4800 Kirkwood Hwy, Wilmington,DE 19808, (302) 995-5497","9673"
"-75.499683","39.77098","Pep Boys-Wilmington,DE","729 Philadelphia Pike, Wilmington,DE 19809, (302) 764-4391","9674"
"-81.356192","28.663198","Pep Boys-Altamonte Springs,FL","1029 E Altamonte Dr, Altamonte Springs,FL 32701, (407) 339-3385","9675"
"-81.410937","28.662876","Pep Boys-Altamonte Springs,FL","710 W Highway 436, Altamonte Springs,FL 32714, (407) 774-6830","9676"
"-81.473727","28.672844","Pep Boys-Apopka,FL","2000 East Semoran Blvd, Apopka,FL 32703, (407) 880-4500","9677"
"-81.506216","28.673112","Pep Boys-Apopka,FL","260 E Main St, Apopka,FL 32703, (407) 886-2699","9678"
"-82.585887","27.462347","Pep Boys-Bradenton,FL","2417 Cortez Rd, Bradenton,FL 34207, (941) 739-1525","9679"
"-82.311564","27.937592","Pep Boys-Brandon,FL","1747 W Brandon Blvd, Brandon,FL 33511, (813) 689-0700","9680"
"-85.591257","30.14817","Pep Boys-Callaway,FL","161 N Tyndall Pkwy, Callaway,FL 32404, (850) 769-0261","9681"
"-81.528816","28.330075","Pep Boys-Celebration,FL","70 Blake Dr, Celebration,FL 34747, (321) 939-2581","9682"
"-82.73825","28.043698","Pep Boys-Clearwater,FL","29889 US 19 North, Clearwater,FL 33761, (727) 785-2803 ","9683"
"-81.681096","28.367494","Pep Boys-Clermont,FL","1437 Sunrise Plaza Dr, Clermont,FL 34714, (352) 536-1177","9684"
"-81.740721","28.543043","Pep Boys-Clermont,FL","950 Hooks St, Clermont,FL 34711, (352) 243-2109","9685"
"-80.250752","26.257276","Pep Boys-Coral Springs,FL","2100 University Dr, Coral Springs,FL 33071, (954) 346-4041","9686"
"-86.561887","30.777878","Pep Boys-Crestview,FL","883 N Ferdon Blvd, Crestview,FL 32536, (850) 689-1550","9687"
"-80.251104","26.091172","Pep Boys-Davie,FL","2380 S University Dr, Davie,FL 33324, (954) 476-2401","9688"
"-81.077009","29.186269","Pep Boys-Daytona Beach,FL","2220 W International Speedway Blvd, Daytona Beach,FL 32114, (386) 255-6390","9689"
"-81.299253","28.978808","Pep Boys-Deland,FL","2835 S Woodland Blvd, Deland,FL 32720, (386) 943-9299","9690"
"-86.419579","30.38946","Pep Boys-Destin,FL","35800 Emerald Coast Pkwy, Destin,FL 32541, (850) 650-1575","9691"
"-81.700289","28.822014","Pep Boys-Eustis,FL","15469 US Hwy 441, Eustis,FL 32726, (352) 357-2637","9692"
"-81.871811","26.591425","Pep Boys-Fort Myers,FL","4797 S Cleveland Ave, Fort Myers,FL 33907, (239) 939-5447","9693"
"-80.138049","26.137079","Pep Boys-Ft Lauderdale,FL","601 Sunrise Blvd, Ft Lauderdale,FL 33304, (954) 779-1002","9694"
"-86.612472","30.404079","Pep Boys-Ft Walton Beach,FL","15 W Miracle Strip Pkwy, Ft Walton Beach,FL 32548, (850) 243-7632","9695"
"-86.603838","30.444249","Pep Boys-Ft Walton Beach,FL","311 NE Racetrack Rd, Ft Walton Beach,FL 32547, (850) 863-1102","9696"
"-86.638661","30.43693","Pep Boys-Ft Walton Beach,FL","705 North Beal St, Ft Walton Beach,FL 32547, (850) 862-2164","9697"
"-82.425132","29.659636","Pep Boys-Gainesville,FL","7725 W Newberry Rd, Gainesville,FL 32606, (352) 332-6003","9698"
"-87.094456","30.385607","Pep Boys-Gulf Breeze,FL","3113 Gulf Breeze Pkwy, Gulf Breeze,FL 32563, (850) 932-6425","9699"
"-80.293417","25.928425","Pep Boys-Hialeah,FL","17050 Northwest 57th Ave, Hialeah,FL 33055, (305) 557-4498","9700"
"-80.176948","26.047679","Pep Boys-Hollywood,FL","2721 Stirling Rd, Hollywood,FL 33312, (954) 894-1888","9701"
"-80.207462","26.005369","Pep Boys-Hollywood,FL","760 S State Road 7, Hollywood,FL 33023, (954) 985-9440","9702"
"-81.394966","30.304348","Pep Boys-Jacksonville Beach,FL","1737 N 3rd St, Jacksonville Beach,FL 32250, (904) 246-0792","9703"
"-81.525863","30.324105","Pep Boys-Jacksonville,FL","10548 Atlantic Blvd, Jacksonville,FL 32225, (904) 641-9903","9704"
"-81.66369","30.429903","Pep Boys-Jacksonville,FL","1105 Dunn Ave, Jacksonville,FL 32218, (904) 696-0090","9705"
"-81.583408","30.220843","Pep Boys-Jacksonville,FL","8397 Baymeadows Rd, Jacksonville,FL 32256, (904) 448-5042","9706"
"-81.751917","30.308822","Pep Boys-Jacksonville,FL","919 Lane Ave S, Jacksonville,FL 32205, (904) 695-7770","9707"
"-81.617163","30.204037","Pep Boys-Jacksonville,FL","9605 San Jose Blvd, Jacksonville,FL 32257, (904) 260-9660","9708"
"-80.12668","26.934181","Pep Boys-Jupiter,FL","2064 W Indiantown Rd, Jupiter,FL 33458, (561) 748-9444","9709"
"-81.407104","28.304453","Pep Boys-Kissimmee,FL","302 W Vine St, Kissimmee,FL 34741, (407) 933-0055","9710"
"-80.110315","26.618396","Pep Boys-Lake Worth,FL","4301 Lake Worth Rd, Lake Worth,FL 33461, (561) 968-4688","9711"
"-81.973625","28.098822","Pep Boys-Lakeland,FL","4405 U S Hwy 98 N, Lakeland,FL 33809, (863) 853-3776","9712"
"-81.973771","27.941414","Pep Boys-Lakeland,FL","6820 S Florida Avenue, Lakeland,FL 33813, (863) 644-3420","9713"
"-81.788115","28.823625","Pep Boys-Leesburg,FL","10209 Hwy 441, Leesburg,FL 34788, (352) 314-6913","9714"
"-81.886303","28.811332","Pep Boys-Leesburg,FL","1314 W Main St, Leesburg,FL 34748, (352) 787-2144","9715"
"-81.32727","28.697686","Pep Boys-Longwood,FL","100 S Highway 17-92, Longwood,FL 32750, (407) 339-4611","9716"
"-80.622647","28.115942","Pep Boys-Melbourne,FL","453 N Harbor City Blvd, Melbourne,FL 32935, (321) 253-8852","9717"
"-80.701036","28.375773","Pep Boys-Merritt Island,FL","1090 N Courtenay Pkwy, Merritt Island,FL 32953, (321) 453-9583 ","9718"
"-80.356089","25.592666","Pep Boys-Miami,FL","10200 Broad Channel Rd, Miami,FL 33157, (305) 252-7311","9719"
"-80.367427","25.732253","Pep Boys-Miami,FL","10660 S W 40th St, Miami,FL 33165, (305) 220-8877","9720"
"-80.328204","25.771967","Pep Boys-Miami,FL","211 NW 82nd Ave, Miami,FL 33126, (305) 264-6355","9721"
"-80.232939","25.765362","Pep Boys-Miami,FL","2301 S W 8th St, Miami,FL 33135, (305) 541-7200","9722"
"-80.194593","25.928387","Pep Boys-Miami,FL","295 NE 167th St, Miami,FL 33162, (305) 655-3000","9723"
"-81.821275","30.109477","Pep Boys-Middleburg,FL","1716 Blanding Blvd, Middleburg,FL 32068, (904) 406-4758 ","9724"
"-87.046912","30.620969","Pep Boys-Milton,FL","6611 Caroline St, Milton,FL 32570, (850) 623-4377","9725"
"-86.478568","30.518829","Pep Boys-Niceville,FL","796 John Sims Pkwy, Niceville,FL 32578, (950) 678-0887","9726"
"-82.15986","29.17315","Pep Boys-Ocala,FL","2035 SW College Rd, Ocala,FL 34471, (352) 369-0303","9727"
"-82.0678711","29.2085105","Pep Boys-Ocala,FL","2170 NE 49th Court Rd, Ocala,FL 34470, (352) 624-8654","9728"
"-81.505495","28.551888","Pep Boys-Ocoee,FL","8805 West Colonial Dr, Ocoee,FL 34761, (407) 293-8634","9729"
"-81.743475","30.176879","Pep Boys-Orange Park,FL","204 Blanding Blvd, Orange Park,FL 32073, (904) 276-7680 ","9730"
"-81.207235","28.541404","Pep Boys-Orlando,FL","420 Woodland Lakes Dr, Orlando,FL 32828, (407) 207-1750","9731"
"-81.310327","28.49972","Pep Boys-Orlando,FL","4400 S Semoran Blvd, Orlando,FL 32822, (407) 381-8537","9732"
"-81.374192","28.493046","Pep Boys-Orlando,FL","4834 S Orange Ave, Orlando,FL 32806, (407) 377-0486","9733"
"-81.456524","28.504677","Pep Boys-Orlando,FL","5546 LB Mcleod Rd, Orlando,FL 32811, (407) 295-2658","9734"
"-81.467631","28.549517","Pep Boys-Orlando,FL","601 Powers Dr, Orlando,FL 32818, (407) 295-5553","9735"
"-81.31056","28.544436","Pep Boys-Orlando,FL","71 S Semoran Blvd, Orlando,FL 32807, (407) 249-3888","9736"
"-81.400149","28.452796","Pep Boys-Orlando,FL","7750 S Orange Blossom Trl, Orlando,FL 32809, (407) 851-2626","9737"
"-81.062658","29.282715","Pep Boys-Ormond Beach,FL","234 W Granada Blvd, Ormond Beach,FL 32174, (386) 677-5037","9738"
"-81.2080172","28.6268695","Pep Boys-Oviedo,FL","2994 Alafaya Trail, Oviedo,FL 32765, (407) 326-5000","9739"
"-81.212352","28.657098","Pep Boys-Oviedo,FL","907 South Lake Jessup Ave, Oviedo,FL 32765, (407) 366-0202","9740"
"-87.151239","30.603147","Pep Boys-Pace,FL","4128 Hwy 90, Pace,FL 32571, (850) 994-0777","9741"
"-80.612834","28.035132","Pep Boys-Palm Bay,FL","2035 Palm Bay Road Ne, Palm Bay,FL 32905, (321) 723-0280","9742"
"-80.084777","26.808435","Pep Boys-Palm Beach Gardens,FL","3169 Northlake Blvd, Palm Beach Gardens,FL 33403, (561) 881-8744","9743"
"-85.775874","30.184981","Pep Boys-Panama City Beach,FL","8113 Front Beach Rd, Panama City Beach,FL 32407, (850) 236-7585","9744"
"-85.671583","30.189775","Pep Boys-Panama City,FL","712 W 23rd St, Panama City,FL 32405, (850) 763-7936","9745"
"-85.672959","30.189773","Pep Boys-Panama City,FL","821 W 23rd St, Panama City,FL 32405, (850) 872-8884","9746"
"-87.234761","30.445096","Pep Boys-Pensacola,FL","1560 W Fairfield Dr, Pensacola,FL 32501, (850) 432-7791","9747"
"-87.213192","30.422012","Pep Boys-Pensacola,FL","300 E Cervantes St, Pensacola,FL 32504, (850) 433-5471","9748"
"-87.259679","30.532772","Pep Boys-Pensacola,FL","317 E Nine Mile Rd, Pensacola,FL 32514, (850) 476-6530","9749"
"-87.279909","30.438035","Pep Boys-Pensacola,FL","4700 Mobile Hwy, Pensacola,FL 32506, (850) 457-1907","9750"
"-87.275893","30.417394","Pep Boys-Pensacola,FL","549 New Warrington Rd, Pensacola,FL 32506, (850) 455-1305","9751"
"-87.223468","30.490108","Pep Boys-Pensacola,FL","6340 N Davis Hwy, Pensacola,FL 32504, (850) 484-0605","9752"
"-87.195534","30.489778","Pep Boys-Pensacola,FL","6389 North 9th Ave, Pensacola,FL 32504, (850) 477-0330","9753"
"-82.7259445","27.8387718","Pep Boys-Pinellas Park,FL","6492 Park Blvd, Pinellas Park,FL 33781, (727) 541-6154","9754"
"-80.311915","26.145911","Pep Boys-Plantation,FL","12251 W Sunrise Blvd, Plantation,FL 33323, (954) 916-9100","9755"
"-80.12624","26.260623","Pep Boys-Pompano Beach,FL","240 Copans Rd, Pompano Beach,FL 33064, (954) 784-7676","9756"
"-82.302203","27.852642","Pep Boys-Riverview,FL","10119 McMullen Road, Riverview,FL 33569, (813) 677-0950","9757"
"-81.324206","28.811728","Pep Boys-Sanford,FL","4170 West State Road 46, Sanford,FL 32771, (407) 322-9896","9758"
"-81.320002","28.255608","Pep Boys-St Cloud,FL","4561 13th Street, St Cloud,FL 34769, (407) 891-3661","9759"
"-81.272713","28.811708","Pep Boys-Stanford,FL","555 W First Street, Stanford,FL 32771, (407) 322-2821","9760"
"-84.306071","30.448964","Pep Boys-Tallahassee,FL","1425 West Tennessee St, Tallahassee,FL 32304, (850) 224-0095","9761"
"-84.236681","30.480497","Pep Boys-Tallahassee,FL","2237 Capital Circle Ne, Tallahassee,FL 32308, (850) 385-4377","9762"
"-84.240509","30.428768","Pep Boys-Tallahassee,FL","2353 Apalachee Parkway, Tallahassee,FL 32301, (850) 656-9000","9763"
"-84.295175","30.474999","Pep Boys-Tallahassee,FL","2525 North Monroe St, Tallahassee,FL 32303, (850) 385-5323","9764"
"-84.228731","30.427268","Pep Boys-Tallahassee,FL","2984 Apalachee Pwy, Tallahassee,FL 32301, (850) 656-1024","9765"
"-80.248493","26.193878","Pep Boys-Tamarac,FL","7305 W Commercial Blvd, Tamarac,FL 33319, (954) 726-8677","9766"
"-82.459463","28.041234","Pep Boys-Tampa,FL","10124 N Florida Ave, Tampa,FL 33612, (813) 933-2424","9767"
"-82.502122","28.09497","Pep Boys-Tampa,FL","15625 N Dale Mabry Hwy, Tampa,FL 33618, (813) 963-5545","9768"
"-82.508281","27.996178","Pep Boys-Tampa,FL","3933 W Hillsborough Ave, Tampa,FL 33614, (813) 884-1577","9769"
"-82.561331","27.996439","Pep Boys-Tampa,FL","7302 W. Hillsborough Ave, Tampa,FL 33634, (813) 884-1890","9770"
"-80.8428747","28.5573828","Pep Boys-Titusville,FL","3100 Cheney Hwy, Titusville,FL 32780, (321) 268-1534","9771"
"-81.237694","28.569736","Pep Boys-Union Park,FL","10306 E Colonial Dr, Union Park,FL 32817, (407) 282-3155","9772"
"-80.111646","26.688429","Pep Boys-West Palm Beach,FL","800 N Military Trail, West Palm Beach,FL 33415, (561) 686-3004","9773"
"-84.695495","34.043146","Pep Boys-Acworth,GA","3638 Cobb Parkway North, Acworth,GA 30101, (770) 659-6169","9774"
"-84.239982","34.157703","Pep Boys-Alpharetta,GA","4960 Atlanta Hwy, Alpharetta,GA 30004, (678) 319-0271","9775"
"-84.2214432","34.0481033","Pep Boys-Alpharetta,GA","10965 Jones Bridge Rd, Alpharetta,GA 30022, (770) 623-2950","9776"
"-83.466794","33.940892","Pep Boys-Athens,GA","3702 Atlanta Hwy, Athens,GA 30606, (706) 549-3428","9777"
"-84.36754","33.820417","Pep Boys-Atlanta,GA","2399 Piedmont Rd, Atlanta,GA 30324, (404) 231-0032","9778"
"-84.344127","33.85749","Pep Boys-Atlanta,GA","3884 Peachtree Rd, Atlanta,GA 30319, (404) 816-6655","9779"
"-84.379992","33.933333","Pep Boys-Atlanta,GA","6521 Roswell Rd, Atlanta,GA 30328, (404) 843-0622","9780"
"-82.026677","33.439894","Pep Boys-Augusta,GA","1725 Gordon Hwy, Augusta,GA 30904, (706) 736-9971 ","9781"
"-82.025462","33.509292","Pep Boys-Augusta,GA","2728 Washington Rd, Augusta,GA 30909, (706) 733-7686","9782"
"-84.598976","33.85975","Pep Boys-Austell,GA","3829 Austell Rd, Austell,GA 30008, (770) 739-1095","9783"
"-83.9942437","34.0516258","Pep Boys-Buford,GA","2906 Buford Rd, Buford,GA 30519, (770) 831-5418","9784"
"-84.275791","33.851316","Pep Boys-Chamblee/Atlanta,GA","4105 Buford Hwy, Chamblee/Atlanta,GA 30345, (404) 728-9755 ","9785"
"-84.937258","32.548103","Pep Boys-Columbus,GA","6437 Whittlesey Blvd, Columbus,GA 31909, (706) 653-1053","9786"
"-84.014954","33.641748","Pep Boys-Conyers,GA","1717 Highway 138 S, Conyers,GA 30013, (770) 388-9267","9787"
"-83.976373","33.623178","Pep Boys-Conyers,GA","2500 Salem Rd, Conyers,GA 30013, (770) 483-1280","9788"
"-84.11219","34.159861","Pep Boys-Cumming,GA","1880 Buford Hwy, Cumming,GA 30041, (678) 455-6794","9789"
"-84.194982","33.731441","Pep Boys-Decatur,GA","5380 Covington Hwy, Decatur,GA 30035, (770) 322-0300","9790"
"-84.271881","33.904814","Pep Boys-Doraville,GA","5600 Buford Hwy, Doraville,GA 30340, (770) 455-7405","9791"
"-84.756923","33.726323","Pep Boys-Douglasville,GA","6942 Douglas Blvd, Douglasville,GA 30135, (770) 852-1500","9792"
"-84.13567","33.965606","Pep Boys-Duluth,GA","3527 Old Norcross Rd, Duluth,GA 30096, (770) 623-2950","9793"
"-84.16756","34.004216","Pep Boys-Duluth,GA","4055 Pleasant Hill Rd, Duluth,GA 30096, (770) 622-2227","9794"
"-84.28976","33.266668","Pep Boys-Griffin,GA","1300 N Expressway, Griffin,GA 30223, (770) 233-8704","9795"
"-84.751668","33.890566","Pep Boys-Hiram,GA","4569 Jimmy Lee Smith Pkwy, Hiram,GA 30141, (770) 222-5054","9796"
"-84.36462","33.535349","Pep Boys-Jonesboro,GA","8015 Tara Blvd, Jonesboro,GA 30236, (770) 473-9930","9797"
"-84.623913","34.021316","Pep Boys-Kennesaw,GA","2773 Cobb Pkw NW, Kennesaw,GA 30152, (770) 423-9019","9798"
"-84.560983","34.013921","Pep Boys-Kennesaw,GA","375 Ernest Barrett Pky, Kennesaw,GA 30144, (770) 919-8473","9799"
"-84.555647","34.055671","Pep Boys-Kennesaw,GA","4290 Bells Ferry Rd NW, Kennesaw,GA 30144, (770) 592-0811","9800"
"-84.007829","33.964335","Pep Boys-Lawrenceville,GA","589 W Pike St, Lawrenceville,GA 30045, (770) 513-1210","9801"
"-84.059114","33.888618","Pep Boys-Lawrenceville,GA","883 Dogwood Rd, Lawrenceville,GA 30044, (770) 985-2264","9802"
"-84.112159","33.905199","Pep Boys-Lilburn,GA","3965 Highway 29, Lilburn,GA 30047, (770) 279-9877","9803"
"-84.072644","33.836049","Pep Boys-Lilburn,GA","4125 Highway 78, Lilburn,GA 30247, (770) 979-0308","9804"
"-84.133356","33.899685","Pep Boys-Lilburn,GA","4555 Highway 29, Lilburn,GA 30047, (770) 923-1609","9805"
"-84.575906","33.832029","Pep Boys-Mableton,GA","5029 Floyd Road SW, Mableton,GA 30126, (678) 945-9701 ","9806"
"-83.661235","32.814306","Pep Boys-Macon,GA","1230 Eisenhower Pkwy, Macon,GA 31206, (478) 781-4773","9807"
"-84.579791","33.952048","Pep Boys-Marietta,GA","1008 Whitlock Ave, Marietta,GA 30064, (770) 428-5524","9808"
"-84.497707","33.914088","Pep Boys-Marietta,GA","1531 Cobb Parkway, Marietta,GA 30060, (770) 956-8453","9809"
"-84.610961","33.904207","Pep Boys-Marietta,GA","2045 Macland Crossing Dr, Marietta,GA 30064, (770) 794-3265","9810"
"-84.527971","34.028723","Pep Boys-Marietta,GA","3168 Canton Rd N E, Marietta,GA 30066, (770) 427-7144","9811"
"-84.169182","33.454817","Pep Boys-Mcdonough,GA","325 Jonesboro Rd, Mcdonough,GA 30253, (678) 432-6339","9812"
"-83.743587","33.795982","Pep Boys-Monroe,GA","2035 West Spring St, Monroe,GA 30655, (770) 207-5650 ","9813"
"-84.6893415","33.4095988","Pep Boys-Newnan,GA","85 Marketplace Dr, Newnan,GA 30265, (770) 304-1561","9814"
"-84.209956","33.918428","Pep Boys-Norcross,GA","5820 Jimmy Carter Blvd, Norcross,GA 30071, (770) 448-7776 ","9815"
"-84.562049","33.375442","Pep Boys-Peachtree City,GA","1120 Crosstown Ct, Peachtree City,GA 30269, (770) 487-5923","9816"
"-84.335647","34.051315","Pep Boys-Roswell,GA","11160 South Alpharetta Hwy, Roswell,GA 30076, (770) 594-7926","9817"
"-84.319541","34.065576","Pep Boys-Roswell,GA","11845 Alpharetta Hwy, Roswell,GA 30076, (770) 664-8473","9818"
"-84.380502","33.919083","Pep Boys-Sandy Springs,GA","224 Hammond Dr, Sandy Springs,GA 30328, (404) 256-4195","9819"
"-81.127679","31.997945","Pep Boys-Savannah,GA","8702 Abercorn St, Savannah,GA 31406, (912) 920-1442","9820"
"-84.003777","33.855334","Pep Boys-Snellville,GA","2207 E Main St, Snellville,GA 30078, (770) 978-0834 ","9821"
"-84.251625","33.547678","Pep Boys-Stockbridge,GA","5270 North Henry Blvd, Stockbridge,GA 30281, (770) 389-7318 ","9822"
"-84.546233","33.57039","Pep Boys-Union City,GA","5000 Hwy 138, Union City,GA 30291, (770) 964-0071","9823"
"-87.978191","42.111106","Pep Boys-Arlington Heights,IL","375 E Rand Rd, Arlington Heights,IL 60004, (847) 577-8494","9824"
"-88.2796573","41.8160623","Pep Boys-Aurora,IL","2945 Kirk Rd, Aurora,IL 60502, (630) 820-2314","9825"
"-88.3405075","41.8342094","Pep Boys-Batavia,IL","837 S Randall Rd, Batavia,IL 60510, (630) 406-1743","9826"
"-87.789225","41.828435","Pep Boys-Berwyn,IL","6631 W Ogden Ave, Berwyn,IL 60402, (708) 749-3074","9827"
"-87.850636","41.854469","Pep Boys-Broadview,IL","900 Broadview Vill Sq, Broadview,IL 60155, (708) 343-9881 ","9828"
"-87.779512","41.708442","Pep Boys-Chicago Ridge,IL","10100 S Ridgeland Ave, Chicago Ridge,IL 60415, (708) 346-0776","9829"
"-87.750912","41.956506","Pep Boys-Chicago,IL","4164 North Milwaukee Ave, Chicago,IL 60641, (773) 685-1477 ","9830"
"-87.683798","41.785516","Pep Boys-Chicago,IL","5959 S Western Ave, Chicago,IL 60636, (773) 776-9477","9831"
"-87.795649","41.923604","Pep Boys-Chicago,IL","6811 W Grand Ave, Chicago,IL 60707, (773) 889-6395 ","9832"
"-87.742444","41.764972","Pep Boys-Chicago,IL","7030 S Cicero Ave, Chicago,IL 60638, (708) 496-9123","9833"
"-87.6834106","41.9287453","Pep Boys-Chicago,IL","2604 N Elston Ave, Chicago,IL 60647, (773) 395-4444","9834"
"-87.74408","41.846396","Pep Boys-Cicero,IL","2501 S Cicero Ave, Cicero,IL 60804, (708) 656-1160 ","9835"
"-87.738118","41.64864","Pep Boys-Crestwood,IL","13401 S Cicero Ave, Crestwood,IL 60445, (708) 489-2693","9836"
"-88.283429","42.225184","Pep Boys-Crystal Lake,IL","4423 US 14 (North West Hwy), Crystal Lake,IL 60014, (815) 276-0054","9837"
"-87.945202","41.764956","Pep Boys-Darien,IL","6818 South Kingery Hwy, Darien,IL 60561, (630) 455-2439","9838"
"-88.253611","42.046467","Pep Boys-Elgin,IL","1020 Summit St, Elgin,IL 60120, (847) 695-8640","9839"
"-87.688946","42.052406","Pep Boys-Evanston,IL","1911 Green Bay Rd, Evanston,IL 60201, (847) 866-7243","9840"
"-87.804938","41.886093","Pep Boys-Forest Park,IL","25 South Harlem Ave, Forest Park,IL 60130, (708) 771-5365","9841"
"-88.219843","42.193927","Pep Boys-Fox River Grove,IL","910 Northwest Hwy Unit 100, Fox River Grove,IL 60021, (847) 516-8230","9842"
"-87.86809","41.777568","Pep Boys-Hodgkins,IL","6247 La Grange Rd, Hodgkins,IL 60525, (708) 352-9211","9843"
"-87.636148","41.561613","Pep Boys-Homewood,IL","18024 Halsted St, Homewood,IL 60430, (708) 647-0774 ","9844"
"-88.125886","41.522598","Pep Boys-Joliet,IL","1824 W Jefferson St, Joliet,IL 60435, (815) 744-0150","9845"
"-87.558851","41.586146","Pep Boys-Lansing,IL","17015 Torrence Ave, Lansing,IL 60438, (708) 895-5859","9846"
"-88.003889","41.905101","Pep Boys-Lombard,IL","600 East North Ave, Lombard,IL 60148, (630) 424-0569","9847"
"-87.996361","41.860622","Pep Boys-Lombard,IL","851 E Roosevelt Rd, Lombard,IL 60148, (630) 792-1601","9848"
"-87.732358","41.497227","Pep Boys-Matteson,IL","21610 Cicero Ave, Matteson,IL 60443, (708) 503-6580","9849"
"-87.867268","41.907679","Pep Boys-Melrose Park,IL","2600 W North Ave, Melrose Park,IL 60160, (708) 450-0140","9850"
"-88.204094","41.75389","Pep Boys-Naperville,IL","2936 W Ogden Ave, Naperville,IL 60540, (630) 637-1350","9851"
"-87.839062","42.055554","Pep Boys-Niles,IL","9643 1/2 North Milwaukee Ave, Niles,IL 60714, (847) 583-0287","9852"
"-87.724873","41.72039","Pep Boys-Oak Lawn,IL","4143 W 95th St, Oak Lawn,IL 60453, (708) 423-4408","9853"
"-87.85285","41.601067","Pep Boys-Orland Park,IL","15911 S Lagrange Rd, Orland Park,IL 60462, (708) 349-0130","9854"
"-88.051161","42.123128","Pep Boys-Palatine,IL","315 West Northwest Hwy, Palatine,IL 60067, (847) 359-3007","9855"
"-88.062187","42.380023","Pep Boys-Round Lake Beach,IL","818 E Rollins Rd, Round Lake Beach,IL 60073, (847) 548-8711","9856"
"-87.758179","42.011878","Pep Boys-Skokie,IL","5222 Touhy Ave, Skokie,IL 60077, (847) 675-5300","9857"
"-88.338036","41.912672","Pep Boys-St Charles,IL","2010 W Main St, St Charles,IL 60174, (630) 584-8479","9858"
"-88.144593","42.035666","Pep Boys-Streamwood,IL","160 N Barrington Rd, Streamwood,IL 60107, (630) 830-6442","9859"
"-87.880718","42.369134","Pep Boys-Waukegan,IL","620 N Greenbay Rd, Waukegan,IL 60085, (847) 662-6455","9860"
"-86.574363","39.170935","Pep Boys-Bloomington,IN","3160 W Susan Dr, Bloomington,IN 47404, (812) 334-0204","9861"
"-85.767914","38.307996","Pep Boys-Clarksville,IN","1317 Triangle Dr, Clarksville,IN 47129, (812) 285-0505","9862"
"-87.479641","37.978567","Pep Boys-Evansville,IN","101 Metro Ave, Evansville,IN 47715, (812) 474-9988","9863"
"-86.017891","39.927372","Pep Boys-Fisher,IN","8588 East 96th St, Fisher,IN 46037, (317) 595-0677 ","9864"
"-86.248117","39.837456","Pep Boys-Indianapolis,IN","4500 Lafayette Rd, Indianapolis,IN 46254, (317) 297-0090","9865"
"-86.040282","39.772265","Pep Boys-Indianapolis,IN","7201 E Washington St, Indianapolis,IN 46219, (317) 353-0020","9866"
"-86.856465","40.396827","Pep Boys-Lafayette,IN","2121 Sagamore Parkway S, Lafayette,IN 47905, (765) 446-9499","9867"
"-84.648689","38.987575","Pep Boys-Florence,KY","832 Heights Blvd, Florence,KY 41042, (859) 647-9977","9868"
"-85.639192","38.233037","Pep Boys-Louisville,KY","1001 Breckenridge Ln, Louisville,KY 40207, (502) 899-5090 ","9869"
"-85.826168","38.171368","Pep Boys-Louisville,KY","4841 Dixie Hwy, Louisville,KY 40216, (502) 447-9665","9870"
"-91.080559","30.431278","Pep Boys-Baton Rouge,LA","9704 Airline Hwy, Baton Rouge,LA 70816, (225) 927-6233","9871"
"-93.704867","32.528709","Pep Boys-Bossier City,LA","2941 E Texas Ave, Bossier City,LA 71111, (318) 742-0012","9872"
"-90.020035","29.883293","Pep Boys-Gretna,LA","1100 Behrman Hwy, Gretna,LA 70056, (504) 391-0200","9873"
"-92.075848","30.176572","Pep Boys-Lafayette,LA","5639 Johnston St, Lafayette,LA 70503, (337) 988-1022","9874"
"-90.214225","30.004816","Pep Boys-Metairie,LA","6638 Vetrans Blvd, Metairie,LA 70003, (504) 455-0281","9875"
"-89.959016","30.046848","Pep Boys-New Orleans,LA","12200 I-10 Service Rd, New Orleans,LA 70128, (504) 241-4006 ","9876"
"-90.111887","29.963839","Pep Boys-New Orleans,LA","3505 S Carrollton Ave, New Orleans,LA 70118, (504) 486-3000","9877"
"-89.760714","30.284712","Pep Boys-Slidell,LA","1421 Gause Blvd, Slidell,LA 70458, (985) 646-0600","9878"
"-71.173655","42.24446","Pep Boys-Dedham,MA","570-580 Providence Hwy, Dedham,MA 02026, (781) 461-8880","9879"
"-71.048404","42.402481","Pep Boys-Everett,MA","1848-1850 Revere Beach Parkway, Everett,MA 02149, (617) 545-1000","9880"
"-71.061766","41.90493","Pep Boys-Raynham,MA","85 Rt 44, Raynham,MA 02767, (508) 884-9577","9881"
"-70.920834","42.504967","Pep Boys-Salem,MA","232 Highland Ave, Salem,MA 01970, (978) 744-3131","9882"
"-71.333401","41.798847","Pep Boys-Seekonk,MA","216 Highland Ave, Seekonk,MA 02771, (508) 336-9990","9883"
"-72.504722","42.139795","Pep Boys-Springfield,MA","1177 Boston Rd, Springfield,MA 01119, (413) 783-1500","9884"
"-76.524373","38.980081","Pep Boys-Annapolis,MD","1911 West St, Annapolis,MD 21401, (410) 573-9880","9885"
"-76.503391","39.275223","Pep Boys-Baltimore,MD","1503 Merritt Blvd, Baltimore,MD 21222, (410) 285-4820","9886"
"-76.559496","39.398431","Pep Boys-Baltimore,MD","1739-41 E Joppa Rd, Baltimore,MD 21234, (410) 668-4747","9887"
"-76.569428","39.342588","Pep Boys-Baltimore,MD","4621 Harford Rd, Baltimore,MD 21214, (410) 426-0800","9888"
"-76.763133","39.285846","Pep Boys-Baltimore,MD","6515 Baltimore National P, Baltimore,MD 21228, (410) 788-2525 ","9889"
"-76.35147","39.529445","Pep Boys-Bel Air,MD","403A Baltimore Pike, Bel Air,MD 21014, (410) 838-1000","9890"
"-76.898392","38.854064","Pep Boys-Forestville,MD","6333 Marlboro Pike, Forestville,MD 20747, (301) 967-9140 ","9891"
"-77.447222","39.417745","Pep Boys-Frederick,MD","1120 W Patrick St, Frederick,MD 21703, (301) 695-7666","9892"
"-77.245035","39.198488","Pep Boys-Germantown,MD","20900-A Frederick Rd, Germantown,MD 20876, (301) 540-4686","9893"
"-76.619983","39.170603","Pep Boys-Glen Burnie,MD","7311 Ritchie Hwy, Glen Burnie,MD 21061, (410) 760-9430","9894"
"-76.980273","38.984534","Pep Boys-Hyattsville,MD","1804 University Blvd E, Hyattsville,MD 20783, (301) 434-9480","9895"
"-76.899876","38.944583","Pep Boys-Landover Hills,MD","6825 Annapolis Rd, Landover Hills,MD 20784, (301) 341-2100","9896"
"-76.848262","39.074417","Pep Boys-Laurel,MD","13344 Laurel Bowie Rd, Laurel,MD 20708, (301) 498-1333 ","9897"
"-76.943222","38.828253","Pep Boys-Marlow Hgts,MD","4500 Saint Barnabas Rd, Marlow Hgts,MD 20748, (301) 423-2522 ","9898"
"-76.447565","39.358888","Pep Boys-Middle River,MD","9909 Pulaski Hwy, Middle River,MD 21220, (410) 686-3610","9899"
"-76.592289","39.128769","Pep Boys-Pasadena,MD","8036 Ritchie Hwy, Pasadena,MD 21122, (410) 553-0713","9900"
"-76.781451","39.362383","Pep Boys-Randallstown,MD","8635 Liberty Rd, Randallstown,MD 21133, (410) 922-0800","9901"
"-75.584348","38.383224","Pep Boys-Salisbury,MD","1628 N Salisbury Blvd, Salisbury,MD 21801, (410) 548-9291","9902"
"-76.917853","38.619044","Pep Boys-Waldorf,MD","3390 Crain Hwy, Waldorf,MD 20603, (301) 932-8800","9903"
"-76.957789","39.554246","Pep Boys-Westminster,MD","1059 Baltimore Blvd, Westminster,MD 21157, (410) 848-5202","9904"
"-70.22457","44.11289","Pep Boys-Auburn,ME","305 Center St, Auburn,ME 04210, (207) 784-1923","9905"
"-85.68952","43.031522","Pep Boys-Comstock Park,MI","3737 Alpine Ave NW, Comstock Park,MI 49321, (616) 785-3122","9906"
"-82.950261","42.476097","Pep Boys-Eastpointe,MI","24600 Gratiot Ave, Eastpointe,MI 48021, (586) 774-0200 ","9907"
"-83.3244","42.44187","Pep Boys-Farmington Hills,MI","28210 W 8 Mile Rd, Farmington Hills,MI 48336, (248) 476-5210","9908"
"-85.589528","42.234517","Pep Boys-Portage,MI","5630 S Westnedge Ave, Portage,MI 49002, (269) 388-2240 ","9909"
"-83.030686","42.585917","Pep Boys-Sterling Heights,MI","39755 Van Dyke Ave, Sterling Heights,MI 48313, (586) 795-8700","9910"
"-93.312834","45.06249","Pep Boys-Brooklyn Center,MN","5900 Shingle Creek Pkwy, Brooklyn Center,MN 55430, (763) 566-6100","9911"
"-93.348985","45.196072","Pep Boys-Coon Rapids,MN","3325 124th Av NW, Coon Rapids,MN 55433, (763) 367-1020","9912"
"-93.088596","44.883559","Pep Boys-Inver Grove Heights,MN","1426 E Mendota Rd, Inver Grove Heights,MN 55077, (651) 451-2100 ","9913"
"-93.275394","37.159567","Pep Boys-Springfield,MO","1265 E Battlefield Rd, Springfield,MO 65804, (417) 889-0030","9914"
"-80.785403","35.258131","Pep Boys-Charlotte,NC","4837 N Tryon St, Charlotte,NC 28213, (704) 597-8181","9915"
"-80.876007","35.169668","Pep Boys-Charlotte,NC","5020 South Blvd, Charlotte,NC 28217, (704) 529-6280","9916"
"-78.480916","35.65783","Pep Boys-Clayton,NC","11999 HWY 70 Business West, Clayton,NC 27527, (919) 550-0003 ","9917"
"-78.966983","35.066851","Pep Boys-Fayetteville,NC","1924 Skibo Rd, Fayetteville,NC 28314, (910) 867-1372","9918"
"-78.644466","35.722373","Pep Boys-Garner,NC","1490 U S Hwy 70 W, Garner,NC 27529, (919) 662-7455","9919"
"-81.125212","35.2591","Pep Boys-Gastonia,NC","3028 E Franklin Blvd, Gastonia,NC 28056, (704) 853-0040 ","9920"
"-80.716274","35.138149","Pep Boys-Matthews,NC","9415 E Independence Blvd, Matthews,NC 28105, (704) 845-5980","9921"
"-78.584547","35.830839","Pep Boys-Raleigh,NC","3720 Capital Blvd, Raleigh,NC 27604, (919) 954-0618","9922"
"-78.709331","35.862386","Pep Boys-Raleigh,NC","6806 Davis Cir, Raleigh,NC 27613, (919) 781-9317","9923"
"-78.493907","35.968805","Pep Boys-Wake Forest,NC","935 Gateway Commons Circle, Wake Forest,NC 27587, (919) 569-0085","9924"
"-71.443084","42.963396","Pep Boys-Manchester,NH","875 S Willow St, Manchester,NH 03103, (603) 624-6277","9925"
"-71.498057","42.779034","Pep Boys-Nashua,NH","274 Amherst St, Nashua,NH 03063, (603) 598-6600","9926"
"-70.793099","43.089783","Pep Boys-Portsmouth,NH","50 Durgin Ln, Portsmouth,NH 03801, (603) 430-6223","9927"
"-71.1987","42.742159","Pep Boys-Salem,NH","524 S Broadway, Salem,NH 03079, (603) 890-0555","9928"
"-75.089971","39.891183","Pep Boys-Audubon,NJ","114 Black Horse Pike, Audubon,NJ 08106, (856) 547-1320","9929"
"-74.909586","39.782455","Pep Boys-Berlin,NJ","260-310 Rte-73 North, Berlin,NJ 08009, (856) 719-0770","9930"
"-74.928559","40.03126","Pep Boys-Beverly,NJ","2176 Rte 130, Beverly,NJ 08010, (609) 877-9345","9931"
"-75.042724","39.803246","Pep Boys-Blackwood,NJ","1501 Blackwood-Clementon Rd, Blackwood,NJ 08012, (856) 228-2786","9932"
"-74.142742","40.038036","Pep Boys-Brick,NJ","274 Brick Blvd, Brick,NJ 08723, (732) 262-5293","9933"
"-74.557179","40.566762","Pep Boys-Bridgewater,NJ","735 Promenade Blvd, Bridgewater,NJ 08807, (732) 560-9559","9934"
"-74.285136","40.845425","Pep Boys-Caldwell,NJ","523 Bloomfield Avenue, Caldwell,NJ 07006, (973) 228-1493","9935"
"-74.226038","40.587699","Pep Boys-Carteret,NJ","773 Roosevelt Ave, Carteret,NJ 07008, (732) 969-0921","9936"
"-75.028958","39.943315","Pep Boys-Cherry Hill,NJ","314 Haddonfield Rd, Cherry Hill,NJ 08002, (856) 662-0301","9937"
"-75.008808","39.988611","Pep Boys-Cinnaminson,NJ","202 Route 130 N, Cinnaminson,NJ 08077, (856) 303-0300","9938"
"-74.391624","40.437371","Pep Boys-E Brunswick,NJ","575 State Route 18, E Brunswick,NJ 08816, (732) 651-1500","9939"
"-74.056843","40.299956","Pep Boys-Eatontown,NJ","79 S. Highway 35, Eatontown,NJ 07724, (732) 389-2821","9940"
"-74.37723","40.515679","Pep Boys-Edison,NJ","518 Old Post Rd, Edison,NJ 08817, (732) 248-4404","9941"
"-74.558449","39.39124","Pep Boys-Egg Harbor Township,NJ","6814 Tilton Rd, Egg Harbor Township,NJ 08234, (609) 645-0404","9942"
"-75.114754","39.720354","Pep Boys-Glassboro,NJ","711 N Delsea Dr, Glassboro,NJ 08028, (856) 256-8000","9943"
"-74.04207","40.879032","Pep Boys-Hackensack,NJ","65 Court St, Hackensack,NJ 07601, (201) 343-4100","9944"
"-74.075569","40.849169","Pep Boys-Hasbrouck Heights,NJ","5 Sr-17, Hasbrouck Heights,NJ 07604, (201) 270-2721","9945"
"-74.185341","40.42017","Pep Boys-Hazlet,NJ","72 Hazlet Ave, Hazlet,NJ 07730, (732) 888-8102","9946"
"-74.227226","40.150893","Pep Boys-Howell,NJ","4204 Rte 9 S, Howell,NJ 07731, (732) 905-1900","9947"
"-74.062954","40.73392","Pep Boys-Jersey City,NJ","2958 Kennedy Blvd, Jersey City,NJ 07306, (201) 795-1121","9948"
"-74.040629","40.723773","Pep Boys-Jersey City,NJ","410 Luis Munoz Marin Blvd, Jersey City,NJ 07302, (201) 420-6866","9949"
"-74.092712","40.721069","Pep Boys-Jersey City,NJ","701 State Rt 440 South, Jersey City,NJ 07304, (201) 435-7677","9950"
"-74.072549","40.876439","Pep Boys-Lodi,NJ","153 US 46 West, Lodi,NJ 07644, (973) 773-1618 ","9951"
"-74.9699249","39.9432793","Pep Boys-Maple Shade,NJ","598 Rt 38 East, Maple Shade,NJ 08052, (856) 235-0652","9952"
"-74.941785","39.895925","Pep Boys-Marlton,NJ","775 West Rt 70, Marlton,NJ 08053, (856) 983-0902","9953"
"-74.963348","39.946387","Pep Boys-Moorestown,NJ","401 W Route 38, Moorestown,NJ 08057, (856) 608-9333","9954"
"-74.46933","40.458863","Pep Boys-North Brunswick,NJ","1335 Rte-1 South, North Brunswick,NJ 08902, (732) 745-1807","9955"
"-74.040079","40.25511","Pep Boys-Oakhurst,NJ","1608 Highway 35, Oakhurst,NJ 07755, (732) 531-7800","9956"
"-74.397508","40.863987","Pep Boys-Parsippany,NJ","1440 Route 46 East, Parsippany,NJ 07054, (973) 541-1030","9957"
"-74.134404","40.907832","Pep Boys-Paterson,NJ","261 Mclean Blvd, Paterson,NJ 07504, (973) 341-8140","9958"
"-74.344406","40.858298","Pep Boys-Pine Brook,NJ","13 US-46, Pine Brook,NJ 07058, (973) 227-4847","9959"
"-74.430454","40.549289","Pep Boys-Piscataway,NJ","1052 Stelton Rd, Piscataway,NJ 08854, (732) 562-0087","9960"
"-74.289363","40.974558","Pep Boys-Pompton Plains,NJ","711 Route 23, Pompton Plains,NJ 07444, (973) 839-1218","9961"
"-74.663496","40.31043","Pep Boys-Princeton,NJ","3505 Brunswick Pike, Princeton,NJ 08540, (609) 520-0031 ","9962"
"-74.244209","40.662741","Pep Boys-Roselle,NJ","711 East 1st Avenue, Roselle,NJ 07203, (908) 245-2041","9963"
"-75.005698","39.833851","Pep Boys-Stratford,NJ","10 N Whitehorse Pike, Stratford,NJ 08084, (856) 783-3511","9964"
"-74.176684","39.960141","Pep Boys-Toms River,NJ","301 Rte 37 E, Toms River,NJ 08753, (732) 286-1040","9965"
"-75.045359","39.74705","Pep Boys-Turnersville,NJ","5241 Route 42, Turnersville,NJ 08012, (856) 227-0229","9966"
"-74.300333","40.690046","Pep Boys-Union,NJ","2525 Rt 22 West, Union,NJ 07083, (908) 688-3633","9967"
"-74.230117","40.826067","Pep Boys-Verona,NJ","15 Pompton Avenue, Verona,NJ 07044, (973) 571-2102","9968"
"-75.030188","39.486397","Pep Boys-Vineland,NJ","323 W Landis Ave, Vineland,NJ 08360, (856) 691-0355","9969"
"-75.004399","39.701058","Pep Boys-Williamstown,NJ","1074 N Black Horse Pike, Williamstown,NJ 08094, (856) 740-0965","9970"
"-75.154845","39.835995","Pep Boys-Woodbury,NJ","137 S Broad St, Woodbury,NJ 08096, (856) 845-0922","9971"
"-106.515219","35.093974","Pep Boys-Albuquerque,NM","1308 Juan Tabo NE, Albuquerque,NM 87112, (505) 292-7111 ","9972"
"-106.646213","35.202048","Pep Boys-Albuquerque,NM","1624 Alameda Blvd NW, Albuquerque,NM 87114, (505) 898-2258","9973"
"-106.688417","35.084978","Pep Boys-Albuquerque,NM","4523 Central Ave NW, Albuquerque,NM 87105, (505) 836-0163","9974"
"-106.583661","35.077432","Pep Boys-Albuquerque,NM","5600 Central Ave SE, Albuquerque,NM 87108, (505) 266-0036","9975"
"-106.586537","35.143471","Pep Boys-Albuquerque,NM","5651 San Mateo Blvd N E, Albuquerque,NM 87109, (505) 881-8101","9976"
"-108.759142","35.532321","Pep Boys-Gallup,NM","702 North Highway 491, Gallup,NM 87301, (505) 722-7795","9977"
"-106.765998","32.308587","Pep Boys-Las Cruces,NM","1203 E Lohman Ave, Las Cruces,NM 88001, (575) 524-7734","9978"
"-105.986252","35.657955","Pep Boys-Santa Fe,NM","2710 Cerrillos Rd, Santa Fe,NM 87507, (505) 473-3463","9979"
"-114.975814","36.03462","Pep Boys-Henderson,NV","408 S Boulder Hwy, Henderson,NV 89015, (702) 564-5566","9980"
"-115.098338","36.071577","Pep Boys-Las Vegas,NV","3490 E Sunset Rd, Las Vegas,NV 89120, (702) 454-6122","9981"
"-115.088207","36.158819","Pep Boys-Las Vegas,NV","3995 E Charleston Blvd, Las Vegas,NV 89104, (702) 452-7168","9982"
"-115.229125","36.235615","Pep Boys-Las Vegas,NV","4141 Rancho Dr, Las Vegas,NV 89130, (702) 645-1811 ","9983"
"-115.224912","36.11343","Pep Boys-Las Vegas,NV","4155 S Jones Blvd, Las Vegas,NV 89103, (702) 362-3833","9984"
"-115.071623","36.100338","Pep Boys-Las Vegas,NV","4670 E Tropicana Ave, Las Vegas,NV 89121, (702) 435-8266","9985"
"-115.206125","36.166438","Pep Boys-Las Vegas,NV","506 S Decatur Blvd, Las Vegas,NV 89107, (702) 877-0791","9986"
"-115.146265","36.143828","Pep Boys-Las Vegas,NV","637 E Sahara Ave, Las Vegas,NV 89104, (702) 796-0600","9987"
"-115.253483","36.196005","Pep Boys-Las Vegas,NV","7399 W Lake Mead Blvd, Las Vegas,NV 89128, (702) 838-4646","9988"
"-115.127991","36.196662","Pep Boys-North Las Vegas,NV","2030 N Las Vegas Blvd, North Las Vegas,NV 89030, (702) 399-0052 ","9989"
"-119.787898","39.479384","Pep Boys-Reno,NV","5000 Smithridge Dr, Reno,NV 89502, (775) 827-1700","9990"
"-119.739004","39.541913","Pep Boys-Sparks,NV","300 E Prater Way, Sparks,NV 89431, (775) 358-7200 ","9991"
"-73.794592","42.684076","Pep Boys-Albany,NY","1008 Central Ave, Albany,NY 12205, (518) 446-1660 ","9992"
"-73.845819","42.728981","Pep Boys-Albany,NY","1795 Central Ave, Albany,NY 12205, (518) 452-5095","9993"
"-73.604509","40.656162","Pep Boys-Baldwin,NY","850 Sunrise Hwy, Baldwin,NY 11510, (516) 223-0600","9994"
"-73.258753","40.733744","Pep Boys-Bay Shore,NY","1321 Sunrise Hwy, Bay Shore,NY 11706, (631) 969-1717","9995"
"-73.779036","40.757793","Pep Boys-Bayside,NY","20411 Northern Blvd, Bayside,NY 11361, (718) 717-0002","9996"
"-78.811245","42.782442","Pep Boys-Blasdell,NY","3766 Mckinley Parkway, Blasdell,NY 14219, (716) 826-1606","9997"
"-73.259849","40.77646","Pep Boys-Brentwood,NY","1846 5th Avenue, Brentwood,NY 11717, (631) 952-8724","9998"
"-73.846737","40.843176","Pep Boys-Bronx,NY","2633 East Tremont Ave, Bronx,NY 10461, (718) 822-4949","9999"
"-73.826182","40.884232","Pep Boys-Bronx,NY","3455 Conner St, Bronx,NY 10475, (718) 515-0880 ","10000"
"-73.951219","40.729825","Pep Boys-Brooklyn,NY","225 Mcguiness Blvd, Brooklyn,NY 11222, (718) 249-1291","10001"
"-73.979488","40.66544","Pep Boys-Brooklyn,NY","354-4th Ave, Brooklyn,NY 11215, (718) 596-2833","10002"
"-78.822775","42.982058","Pep Boys-Buffalo,NY","1025 Niagra Falls Blvd, Buffalo,NY 14226, (716) 831-0370","10003"
"-78.87827","42.951413","Pep Boys-Buffalo,NY","1996 Elmwood Ave, Buffalo,NY 14207, (716) 873-3404","10004"
"-73.088944","40.858279","Pep Boys-Centereach,NY","2196 Middle Country Rd, Centereach,NY 11720, (631) 588-3128","10005"
"-76.124734","43.151611","Pep Boys-Cicero,NY","7885 US 11, Cicero,NY 13039, (315) 458-6936","10006"
"-73.296664","40.842814","Pep Boys-Commack,NY","6350 Jericho Turnpike, Commack,NY 11725, (631) 499-2030","10007"
"-73.706097","40.707835","Pep Boys-Elmont,NY","1802 Hempstead Turnpike, Elmont,NY 11003, (516) 354-8800","10008"
"-77.732137","43.216278","Pep Boys-Greece,NY","1181 N Greece Rd, Greece,NY 14626, (585) 225-8020","10009"
"-73.624224","40.704558","Pep Boys-Hempstead,NY","320 Peninsula Blvd, Hempstead,NY 11550, (516) 292-5450 ","10010"
"-73.518595","40.764436","Pep Boys-Hicksville,NY","15 E Old Country Rd, Hicksville,NY 11801, (516) 822-7878 ","10011"
"-73.813876","40.704537","Pep Boys-Jamaica,NY","13929 Hillside Ave, Jamaica,NY 11435, (718) 526-1837 ","10012"
"-73.791706","40.702977","Pep Boys-Jamaica,NY","94-47 Merrick Blvd, Jamaica,NY 11433, (718) 206-3131","10013"
"-73.371699","40.706188","Pep Boys-Lindenhurst,NY","231 Sunrise Hwy, Lindenhurst,NY 11757, (631) 888-1122","10014"
"-76.233858","43.162414","Pep Boys-Liverpool,NY","8091 Oswego Rd, Liverpool,NY 13090, (315) 652-5200 ","10015"
"-78.696909","43.150632","Pep Boys-Lockport,NY","5658 S Transit Rd, Lockport,NY 14094, (716) 433-6905 ","10016"
"-73.93961","40.757005","Pep Boys-Long Island City,NY","38-50 21st St, Long Island City,NY 11101, (718) 784-1414","10017"
"-75.322001","43.08339","Pep Boys-New Hartford,NY","4475 Commercial Dr, New Hartford,NY 13413, (315) 768-1015","10018"
"-73.033486","40.777088","Pep Boys-Patchogue,NY","425 Sunrise Hwy, Patchogue,NY 11772, (631) 758-0045","10019"
"-73.049964","40.922907","Pep Boys-Port Jefferson Station,NY","5170 Nesconset Hwy, Port Jefferson Station,NY 11776, (631) 476-6614","10020"
"-73.751941","40.714442","Pep Boys-Queens,NY","208-22 Jamaica Ave, Queens,NY 11428, (718) 465-6700","10021"
"-73.902075","40.71278","Pep Boys-Ridgewood,NY","61-01 Metropolitan Ave, Ridgewood,NY 11385, (718) 497-7999","10022"
"-77.625109","43.079346","Pep Boys-Rochester,NY","1375 Marketplace Dr, Rochester,NY 14623, (585) 272-7080 ","10023"
"-77.599182","43.196325","Pep Boys-Rochester,NY","711 E Ridge Rd, Rochester,NY 14621, (585) 323-2000","10024"
"-73.1366663","40.8619764","Pep Boys-Saint James,NY","993 Middle Country Rd, Saint James,NY 11780, (631) 360-7386","10025"
"-74.153647","40.62566","Pep Boys-Staten Island,NY","1941 Forest Ave, Staten Island,NY 10303, (718) 273-8477","10026"
"-74.2149331","40.5542741","Pep Boys-Staten Island,NY","575 Veterans Rd West, Staten Island,NY 10309, (718) 356-5923","10027"
"-76.086674","43.055541","Pep Boys-Syracuse,NY","3033 Erie Blvd E, Syracuse,NY 13224, (315) 449-3445","10028"
"-78.782415","42.828849","Pep Boys-West Seneca,NY","1881 Ridge Rd, West Seneca,NY 14224, (716) 674-0490","10029"
"-73.9164505","40.7424812","Pep Boys-Woodside,NY","4802 Queens Blvd, Woodside,NY 11377, (718) 651-5950","10030"
"-80.654408","41.02432","Pep Boys-Boardman,OH","215 Boardman Poland Rd, Boardman,OH 44512, (330) 629-2322 ","10031"
"-84.262981","39.09454","Pep Boys-Cincinnati,OH","4436 Glen Este Withamsville Rd, Cincinnati,OH 45245, (513) 943-1100 ","10032"
"-84.608081","39.130494","Pep Boys-Cincinnati,OH","5495 Glenway Ave, Cincinnati,OH 45238, (513) 347-0400","10033"
"-84.381612","39.198524","Pep Boys-Cincinnati,OH","7789 Montgomery Rd, Cincinnati,OH 45236, (513) 891-0902","10034"
"-84.586799","39.22194","Pep Boys-Cincinnati,OH","8300 Colerain Ave, Cincinnati,OH 45239, (513) 385-3000 ","10035"
"-82.983514","40.060922","Pep Boys-Columbus,OH","1321 Morse Rd, Columbus,OH 43229, (614) 784-1266","10036"
"-82.879984","39.919053","Pep Boys-Columbus,OH","2830 S Hamilton Rd, Columbus,OH 43232, (614) 864-2092","10037"
"-82.590462","40.765246","Pep Boys-Mansfield,OH","490 N Lexington-Springmill Rd, Mansfield,OH 44906, (419) 529-9455 ","10038"
"-84.226352","39.625265","Pep Boys-Miamisburg,OH","8499 Springboro Pike, Miamisburg,OH 45342, (937) 435-7755","10039"
"-80.752505","41.210965","Pep Boys-Niles,OH","5555 Youngstown Warren Rd, Niles,OH 44446, (330) 652-3313","10040"
"-84.485437","39.283099","Pep Boys-Springdale,OH","11452 Springfield Pike, Springdale,OH 45246, (513) 771-3330","10041"
"-84.283569","39.820235","Pep Boys-Trotwood,OH","5221 Salem Ave, Trotwood,OH 45426, (937) 854-7007","10042"
"-97.554609","35.609763","Pep Boys-Oklahoma City,OK","2317 W Memorial Rd, Oklahoma City,OK 73134, (405) 749-0260","10043"
"-97.64423","35.560617","Pep Boys-Oklahoma City,OK","7401 NW Expressway, Oklahoma City,OK 73132, (405) 722-5081","10044"
"-97.521231","35.390247","Pep Boys-Oklahoma City,OK","7600 S Walker St, Oklahoma City,OK 73139, (405) 631-0070 ","10045"
"-95.886503","36.06531","Pep Boys-Tulsa,OK","6714 S Memorial Dr, Tulsa,OK 74133, (918) 250-0049","10046"
"-95.889366","36.160752","Pep Boys-Tulsa,OK","7820 E Admiral Place, Tulsa,OK 74115, (918) 835-4747","10047"
"-79.947111","40.60416","Pep Boys-Allison Park,PA","4966 William Flynn Hwy, Allison Park,PA 15101, (724) 443-2600","10048"
"-75.3052368","39.9981918","Pep Boys-Ardmore,PA","240 Haverford Rd, Ardmore,PA 19003, (610) 642-3012","10049"
"-74.943349","40.094098","Pep Boys-Bensalem,PA","1748 Street Rd, Bensalem,PA 19020, (215) 638-3788","10050"
"-80.026024","40.33831","Pep Boys-Bethel Park,PA","5055 Library Rd, Bethel Park,PA 15102, (412) 851-0700","10051"
"-75.35089","40.635044","Pep Boys-Bethlehem,PA","1610 Stefko Blvd, Bethlehem,PA 18017, (610) 868-2108","10052"
"-80.100961","40.370032","Pep Boys-Bridgeville,PA","1193 Washington Pike, Bridgeville,PA 15017, (412) 257-2817 ","10053"
"-75.385081","39.870796","Pep Boys-Brookhaven,PA","3700 Edgmont Ave, Brookhaven,PA 19015, (610) 872-9075 ","10054"
"-75.37304","39.982278","Pep Boys-Broomall,PA","2916 Springfield Rd, Broomall,PA 19008, (610) 353-3384","10055"
"-75.229728","40.266564","Pep Boys-Chalfont,PA","4309 County Line Rd, Chalfont,PA 18914, (215) 997-5862","10056"
"-75.45083","40.185341","Pep Boys-Collegeville,PA","222 East Main Street, Collegeville,PA 19426, (610) 454-3000","10057"
"-80.16285","40.447832","Pep Boys-Crafton,PA","6581 Steubenville Pike, Crafton,PA 15205, (412) 788-4455","10058"
"-80.101942","40.687319","Pep Boys-Cranberry Township,PA","20229 Rt 19, Cranberry Township,PA 16066, (724) 779-4400 ","10059"
"-75.630963","40.032","Pep Boys-Exton,PA","220 N Pottstown Pike, Exton,PA 19341, (610) 524-9800","10060"
"-74.869409","40.180774","Pep Boys-Fairless Hills,PA","101 Lincoln Hwy, Fairless Hills,PA 19030, (215) 547-3550","10061"
"-75.5457611","39.8807793","Pep Boys-Glen Mills,PA","1130 Baltimore Pike, Glen Mills,PA 19342, (404) 840-1252","10062"
"-75.291613","39.905326","Pep Boys-Glenolden,PA","20 N Macdade Blvd, Glenolden,PA 19036, (610) 522-0455","10063"
"-75.1569792","40.0970212","Pep Boys-Glenside,PA","245 S Easton Rd, Glenside,PA 19038, (215) 884-3138","10064"
"-79.495695","40.302234","Pep Boys-Greensburg,PA","5133 Route 30 East, Greensburg,PA 15601, (724) 850-9966","10065"
"-76.806","40.305896","Pep Boys-Harrisburg,PA","4949 Jonestown Rd, Harrisburg,PA 17109, (717) 657-4941","10066"
"-75.304908","39.970437","Pep Boys-Havertown,PA","510 West Chester Pike, Havertown,PA 19083, (610) 446-2340","10067"
"-76.316246","40.068449","Pep Boys-Lancaster,PA","1700 Fruitville Pike, Lancaster,PA 17601, (717) 291-0450","10068"
"-76.236174","40.031061","Pep Boys-Lancaster,PA","2080 Lincoln Hwy, Lancaster,PA 17602, (717) 299-3335 ","10069"
"-75.548042","40.03935","Pep Boys-Malvern,PA","309 Lancaster Ave, Malvern,PA 19355, (610) 889-3727","10070"
"-76.99367","40.243809","Pep Boys-Mechanicsburg,PA","6100 Carlisle Pike, Mechanicsburg,PA 17050, (717) 691-0860","10071"
"-75.392455","40.14432","Pep Boys-Norristown,PA","2647 Ridge Pike, Norristown,PA 19403, (610) 630-1604","10072"
"-75.316565","40.144297","Pep Boys-Norristown,PA","55 W Germantown Pike, Norristown,PA 19401, (610) 279-6720","10073"
"-75.241207","40.24278","Pep Boys-North Wales,PA","901 N Wales Rd, North Wales,PA 19454, (215) 362-7480 ","10074"
"-75.143741","39.93291","Pep Boys-Philadelphia,PA","1000 S Columbus Blvd, Philadelphia,PA 19147, (215) 463-9830 ","10075"
"-75.106843","40.011402","Pep Boys-Philadelphia,PA","1050 E Hunting Park Ave, Philadelphia,PA 19124, (215) 533-3700 ","10076"
"-75.167259","39.935514","Pep Boys-Philadelphia,PA","1201 South Broad St, Philadelphia,PA 19147, (215) 271-6813","10077"
"-75.18507","39.92257","Pep Boys-Philadelphia,PA","2298 Ritner St, Philadelphia,PA 19145, (215) 336-7180","10078"
"-75.119817","39.976204","Pep Boys-Philadelphia,PA","2491 Aramingo Ave, Philadelphia,PA 19125, (215) 739-5510 ","10079"
"-75.180182","40.005144","Pep Boys-Philadelphia,PA","3101 W Allegheny Ave, Philadelphia,PA 19132, (215) 229-7555","10080"
"-75.180291","40.005141","Pep Boys-Philadelphia,PA","3118 West Allegheny Ave, Philadelphia,PA 19132, (215) 221-6305","10081"
"-75.205141","39.95756","Pep Boys-Philadelphia,PA","4101-19 Market St, Philadelphia,PA 19104, (215) 222-1563","10082"
"-75.099217","40.028172","Pep Boys-Philadelphia,PA","4640 Roosevelt Blvd, Philadelphia,PA 19124, (215) 533-6767","10083"
"-75.163262","40.058298","Pep Boys-Philadelphia,PA","6200 Stenton Ave, Philadelphia,PA 19138, (215) 549-6570","10084"
"-75.057556","40.050478","Pep Boys-Philadelphia,PA","7422 Bustleton Ave, Philadelphia,PA 19152, (215) 342-4700","10085"
"-75.238694","39.904366","Pep Boys-Philadelphia,PA","7720 Lindbergh Blvd, Philadelphia,PA 19153, (215) 921-7912","10086"
"-75.159941","39.969098","Pep Boys-Philadelphia,PA","827 North Broad St, Philadelphia,PA 19123, (215) 796-6699","10087"
"-75.242377","40.072384","Pep Boys-Philadelphia,PA","9101-15 Ridge Ave, Philadelphia,PA 19128, (215) 482-9680","10088"
"-75.004555","40.054936","Pep Boys-Philadelphia,PA","9200 Frankford Ave , Philadelphia,PA 19114, (215) 333-3812 ","10089"
"-75.018395","40.091912","Pep Boys-Philadelphia,PA","9880 E Roosevelt Blvd, Philadelphia,PA 19115, (215) 677-1810","10090"
"-79.806106","40.430539","Pep Boys-Pittsburgh,PA","3475 William Penn Hwy, Pittsburgh,PA 15235, (412) 829-5119","10091"
"-80.018237","40.365153","Pep Boys-Pittsburgh,PA","3625 Library Rd, Pittsburgh,PA 15234, (412) 885-4318","10092"
"-79.94941","40.336892","Pep Boys-Pittsburgh,PA","390 Clairton Blvd, Pittsburgh,PA 15236, (412) 655-5636","10093"
"-80.004993","40.519755","Pep Boys-Pittsburgh,PA","4751 Mcknight Rd, Pittsburgh,PA 15237, (412) 369-7650","10094"
"-79.947547","40.453996","Pep Boys-Pittsburgh,PA","931 South Millvale Ave, Pittsburgh,PA 15213, (412) 578-0478","10095"
"-75.660511","40.249836","Pep Boys-Pottstown,PA","145 Shoemaker Rd, Pottstown,PA 19464, (610) 705-0202","10096"
"-75.350097","40.445667","Pep Boys-Quakertown,PA","222 S Westend Blvd, Quakertown,PA 18951, (215) 538-3220","10097"
"-75.929524","40.385542","Pep Boys-Reading,PA","3401 Plaza Dr, Reading,PA 19605, (610) 929-1504 ","10098"
"-75.662295","41.457456","Pep Boys-Scranton,PA","1113 Us-Rt 6, Scranton,PA 18505, (570) 383-3600","10099"
"-75.047638","40.160999","Pep Boys-Southampton,PA","58 2nd Street Pike, Southampton,PA 18966, (215) 355-2147","10100"
"-77.81319","40.822948","Pep Boys-State College,PA","2268 E College Ave, State College,PA 16801, (814) 861-1680","10101"
"-75.106878","40.21076","Pep Boys-Warminster,PA","982 W Street Rd, Warminster,PA 18974, (215) 328-9520","10102"
"-80.2327178","40.1816985","Pep Boys-Washington,PA","190 Murtland Ave, Washington,PA 15301, (724) 222-4076","10103"
"-75.594848","39.965112","Pep Boys-West Chester,PA","711 E Gay St, West Chester,PA 19380, (610) 696-5339","10104"
"-75.485892","40.632372","Pep Boys-Whitehall,PA","1901 Macarthur Rd, Whitehall,PA 18052, (610) 432-2515","10105"
"-75.865952","41.234093","Pep Boys-Wilkes Barre,PA","450 Wilkes Barre Township Blvd, Wilkes Barre,PA 18702, (570) 819-1100","10106"
"-75.123141","40.160135","Pep Boys-Willow Grove,PA","1509 Easton Rd, Willow Grove,PA 19090, (215) 830-0633 ","10107"
"-76.741681","39.982689","Pep Boys-York,PA","470 Loucks Rd, York,PA 17404, (717) 843-0908","10108"
"-71.400569","41.854495","Pep Boys-Providence,RI","1246 N Main St, Providence,RI 02904, (401) 273-2011","10109"
"-71.500838","41.686134","Pep Boys-West Warwick,RI","375 Quaker Lane, West Warwick,RI 02893, (401) 826-3336 ","10110"
"-80.009233","32.786136","Pep Boys-Charleston,SC","1550 Savannah Hwy, Charleston,SC 29407, (843) 766-7415 ","10111"
"-81.089222","34.035265","Pep Boys-Columbia,SC","1804 Broad River Rd, Columbia,SC 29210, (803) 750-0161","10112"
"-80.949833","34.05725","Pep Boys-Columbia,SC","2455 Decker Blvd, Columbia,SC 29206, (803) 699-0687","10113"
"-82.347412","34.829337","Pep Boys-Greenville,SC","2418 Laurens Rd, Greenville,SC 29607, (864) 676-1365","10114"
"-80.022968","32.909133","Pep Boys-N Charleston,SC","6240 Rivers Ave, N Charleston,SC 29406, (843) 744-7831","10115"
"-80.991036","34.970506","Pep Boys-Rock Hill,SC","2514 N Cherry Rd, Rock Hill,SC 29732, (803) 324-1980 ","10116"
"-85.153347","35.034179","Pep Boys-Chattanooga,TN","2114 Gunbarrel Rd, Chattanooga,TN 37421, (423) 298-9104 ","10117"
"-85.241201","35.125776","Pep Boys-Hixson,TN","5248 Highway 153, Hixson,TN 37343, (423) 870-8099","10118"
"-84.090967","35.911532","Pep Boys-Knoxville,TN","106 Market Place Blvd, Knoxville,TN 37922, (865) 690-2777","10119"
"-83.883042","36.029932","Pep Boys-Knoxville,TN","4770 Center Line Dr, Knoxville,TN 37917, (865) 673-8779","10120"
"-86.703039","36.29192","Pep Boys-Madison,TN","1577 Gallatin Pike, Madison,TN 37115, (615) 860-0285 ","10121"
"-86.711793","36.045548","Pep Boys-Nashville,TN","15001 Old Hickory Blvd, Nashville,TN 37211, (615) 333-1275","10122"
"-86.852483","36.151505","Pep Boys-Nashville,TN","5330 Charlotte Pike, Nashville,TN 37209, (615) 292-5692","10123"
"-99.780814","32.418261","Pep Boys-Abilene,TX","2473 S Danville St, Abilene,TX 79605, (325) 692-7374","10124"
"-97.097269","32.753322","Pep Boys-Arlington,TX","1212 N Collins St, Arlington,TX 76011, (817) 277-2996","10125"
"-97.122132","32.700163","Pep Boys-Arlington,TX","2710 S Cooper St, Arlington,TX 76015, (817) 860-7558","10126"
"-97.792507","30.458834","Pep Boys-Austin,TX","13729 Research Blvd, Austin,TX 78750, (512) 250-9293","10127"
"-97.79051","30.237767","Pep Boys-Austin,TX","3909 S Lamar Blvd, Austin,TX 78704, (512) 442-2214","10128"
"-97.7211","30.371188","Pep Boys-Austin,TX","8917 Research Blvd, Austin,TX 78758, (512) 339-1144","10129"
"-97.113616","32.852051","Pep Boys-Bedford,TX","3305 Harwood Rd, Bedford,TX 76021, (817) 283-2588","10130"
"-97.486501","25.922029","Pep Boys-Brownsville,TX","2336 Boca Chica Blvd, Brownsville,TX 78521, (956) 546-1934","10131"
"-97.378829","27.712314","Pep Boys-Corpus Christi,TX","5106 S Padre Island Dr, Corpus Christi,TX 78411, (361) 994-8504","10132"
"-96.682808","32.7419","Pep Boys-Dallas,TX","1710 Buckner Blvd S, Dallas,TX 75217, (214) 398-1549","10133"
"-96.877019","32.909511","Pep Boys-Dallas,TX","2992 Forest Ln, Dallas,TX 75234, (972) 243-4401","10134"
"-96.871498","32.754735","Pep Boys-Dallas,TX","3120 Fort Worth Ave, Dallas,TX 75211, (214) 339-5108","10135"
"-96.884766","32.661937","Pep Boys-Dallas,TX","4010 W Camp Wisdom Rd, Dallas,TX 75237, (972) 709-1115","10136"
"-96.748525","32.856412","Pep Boys-Dallas,TX","6534 E Northwest Hwy, Dallas,TX 75231, (214) 739-1584","10137"
"-97.117269","33.193957","Pep Boys-Denton,TX","1605 Dallas Dr, Denton,TX 76205, (940) 380-0123","10138"
"-106.346439","31.7537","Pep Boys-El Paso,TX","10501 Gateway West 11, El Paso,TX 79925, (915) 595-1958","10139"
"-106.303437","31.769904","Pep Boys-El Paso,TX","1910 George Dieter Dr, El Paso,TX 79936, (915) 857-7633","10140"
"-106.314454","31.6789","Pep Boys-El Paso,TX","200 S Americas Ave, El Paso,TX 79907, (915) 858-8494","10141"
"-106.560807","31.837567","Pep Boys-El Paso,TX","7465 N Mesa St, El Paso,TX 79912, (915) 584-8276","10142"
"-106.423821","31.876601","Pep Boys-El Paso,TX","9345 Dyer St, El Paso,TX 79924, (915) 751-4934","10143"
"-97.326033","32.684308","Pep Boys-Fort Worth,TX","101 W Seminary, Fort Worth,TX 76115, (817) 926-7737","10144"
"-97.369511","32.645075","Pep Boys-Fort Worth,TX","6725 Mccart St, Fort Worth,TX 76133, (817) 294-3311","10145"
"-97.445012","32.72058","Pep Boys-Fort Worth,TX","7208 Highway 80 West, Fort Worth,TX 76116, (817) 560-4606 ","10146"
"-96.657671","32.864004","Pep Boys-Garland,TX","2002 Northwest Hwy, Garland,TX 75041, (972) 613-0077 ","10147"
"-97.734385","26.186504","Pep Boys-Harlingen,TX","2321 W Expressway 83, Harlingen,TX 78552, (956) 425-8611","10148"
"-95.412957","29.914109","Pep Boys-Houston,TX","10275 North Fwy, Houston,TX 77037, (281) 445-5211","10149"
"-95.606018","29.753638","Pep Boys-Houston,TX","1421 S Dairy Ashford St, Houston,TX 77077, (281) 497-6868","10150"
"-95.647834","29.835942","Pep Boys-Houston,TX","16231 Clay Road Suite 410, Houston,TX 77084, (281) 463-4409 ","10151"
"-95.412813","29.728806","Pep Boys-Houston,TX","4141 Greenbriar St, Houston,TX 77098, (713) 528-8811","10152"
"-95.527451","29.971864","Pep Boys-Houston,TX","6578 Fm-1960 West, Houston,TX 77069, (281) 248-0100 ","10153"
"-95.645321","29.877737","Pep Boys-Houston,TX","6900 Hwy 6 North, Houston,TX 77084, (281) 859-8999","10154"
"-95.519403","29.698326","Pep Boys-Houston,TX","7525 Southwest Fwy, Houston,TX 77074, (713) 779-8600","10155"
"-95.642446","29.889298","Pep Boys-Houston,TX","7640 N Highway 6 N, Houston,TX 77095, (281) 550-6030","10156"
"-95.270992","29.673196","Pep Boys-Houston,TX","7990 Bellfort St, Houston,TX 77061, (713) 640-2242 ","10157"
"-95.414909","29.799657","Pep Boys-Houston,TX","909 W North Loop, Houston,TX 77008, (713) 864-7979","10158"
"-95.58466","29.905998","Pep Boys-Houston,TX","9105 Jones Rd, Houston,TX 77065, (281) 970-9100","10159"
"-95.162602","29.998153","Pep Boys-Humble,TX","7432 Fm 1960 Rd East, Humble,TX 77346, (281) 812-8811","10160"
"-96.993556","32.834093","Pep Boys-Irving,TX","1950 Beltline Rd, Irving,TX 75061, (972) 986-2200","10161"
"-95.74603","29.726108","Pep Boys-Katy,TX","845 S Fry Rd, Katy,TX 77450, (281) 647-6666 ","10162"
"-95.209391","30.068452","Pep Boys-Kingwood,TX","2408 Northpark Dr, Kingwood,TX 77339, (281) 359-2040","10163"
"-97.428609","32.810845","Pep Boys-Lake Worth,TX","6500 Lake Worth Blvd, Lake Worth,TX 76135, (817) 237-0440","10164"
"-99.502409","27.539316","Pep Boys-Laredo,TX","4401 San Dario St, Laredo,TX 78041, (956) 726-9795","10165"
"-98.230995","26.197817","Pep Boys-Mcallen,TX","609 S 10th St, Mcallen,TX 78501, (956) 631-0023","10166"
"-96.611836","32.796333","Pep Boys-Mesquite,TX","2317 N Galloway Blvd, Mesquite,TX 75150, (972) 289-1834","10167"
"-97.237474","32.840659","Pep Boys-North Richland Hills,TX","6755 North East Loop 820, North Richland Hills,TX 76180, (817) 581-1778","10168"
"-95.159202","29.6499","Pep Boys-Pasadena,TX","5445 Fairmont Pkwy, Pasadena,TX 77505, (281) 998-7440","10169"
"-96.711669","33.056369","Pep Boys-Plano,TX","928 W Spring Creek Pkwy, Plano,TX 75023, (972) 422-7575","10170"
"-98.402515","29.554223","Pep Boys-San Antonio,TX","12535 Nacogdoches Rd, San Antonio,TX 78217, (210) 599-0068","10171"
"-98.376271","29.510302","Pep Boys-San Antonio,TX","5616 Walzem, San Antonio,TX 78218, (210) 599-0074","10172"
"-98.499261","29.492562","Pep Boys-San Antonio,TX","6200 San Pedro Ave, San Antonio,TX 78216, (210) 829-7505","10173"
"-98.630511","29.509986","Pep Boys-San Antonio,TX","7680 Bandera Rd, San Antonio,TX 78238, (210) 680-1675 ","10174"
"-98.647296","29.417819","Pep Boys-San Antonio,TX","8103 Marbach Rd, San Antonio,TX 78227, (210) 675-5008","10175"
"-98.487667","29.356739","Pep Boys-San Antonio,TX","830 Military Dr SE, San Antonio,TX 78214, (210) 924-5544","10176"
"-95.432178","30.056842","Pep Boys-Spring,TX","20220 I-45, Spring,TX 77373, (281) 528-9370","10177"
"-95.395772","30.121267","Pep Boys-Spring,TX","26030 1-45 N, Spring,TX 77386, (281) 298-8395","10178"
"-95.643205","29.666148","Pep Boys-Sugarland,TX","10225 Highway 6 South, Sugarland,TX 77498, (281) 240-0419","10179"
"-95.300671","32.310165","Pep Boys-Tyler,TX","3616 S Broadway, Tyler,TX 75701, (903) 561-8820","10180"
"-97.173095","31.52903","Pep Boys-Waco,TX","581 N Valley Mills Dr, Waco,TX 76710, (254) 772-5805","10181"
"-97.995418","26.173239","Pep Boys-Weslaco,TX","212 W Expressway 83, Weslaco,TX 78596, (956) 969-0856","10182"
"-111.889076","40.639735","Pep Boys-Murray,UT","6041 S State St, Murray,UT 84107, (801) 262-9300","10183"
"-111.986062","41.185971","Pep Boys-Ogden,UT","4240 Riverdale Rd, Ogden,UT 84405, (801) 393-1200","10184"
"-111.69295","40.292416","Pep Boys-Orem,UT","280 S State St, Orem,UT 84058, (801) 224-8884","10185"
"-111.871221","40.724034","Pep Boys-Salt Lake City,UT","2160 S 700 E, Salt Lake City,UT 84106, (801) 487-3334","10186"
"-111.872201","40.582273","Pep Boys-Sandy,UT","9319 S 700 East, Sandy,UT 84070, (801) 565-8811 ","10187"
"-111.94498","40.696637","Pep Boys-W Valley City,UT","2040 W 3500 South St, W Valley City,UT 84119, (801) 972-5550","10188"
"-77.083658","38.746188","Pep Boys-Alexandria,VA","7800 Richmond Hwy, Alexandria,VA 22306, (703) 799-2900","10189"
"-77.191015","38.829405","Pep Boys-Annandale,VA","7121 Little River Turnpike, Annandale,VA 22003, (703) 256-8966","10190"
"-77.500444","38.296281","Pep Boys-Fredericksburg,VA","2384 Plank Rd, Fredericksburg,VA 22401, (540) 373-0365 ","10191"
"-76.403251","37.038679","Pep Boys-Hampton,VA","2224 W Mercury Blvd, Hampton,VA 23666, (757) 838-3313","10192"
"-77.518785","38.796202","Pep Boys-Manassas,VA","8000 Stream Walk Ln, Manassas,VA 20109, (703) 330-6974","10193"
"-76.517711","37.112104","Pep Boys-Newport News,VA","13200 Warwick Blvd, Newport News,VA 23602, (757) 875-5350","10194"
"-76.210438","36.864247","Pep Boys-Norfolk,VA","1230 N Military Hwy, Norfolk,VA 23502, (757) 461-0615","10195"
"-77.371418","37.189718","Pep Boys-Petersburg,VA","3120 S Crater Rd, Petersburg,VA 23805, (804) 733-0047","10196"
"-76.358931","36.813164","Pep Boys-Portsmouth,VA","2570 Airline Blvd, Portsmouth,VA 23701, (757) 488-1979","10197"
"-77.5813","37.506349","Pep Boys-Richmond,VA","10040 Midlothian Turnpike, Richmond,VA 23235, (804) 272-1107 ","10198"
"-77.373359","37.541693","Pep Boys-Richmond,VA","4507 Nine Mile Rd, Richmond,VA 23223, (804) 222-8105","10199"
"-77.521439","37.621188","Pep Boys-Richmond,VA","4728 Wistar Rd, Richmond,VA 23228, (804) 672-1161","10200"
"-77.510916","37.504083","Pep Boys-Richmond,VA","6300 Midlothian Turnpike, Richmond,VA 23225, (804) 745-7680","10201"
"-76.083351","36.803194","Pep Boys-Virginia Beach,VA","1116 Lynnhaven Pkwy, Virginia Beach,VA 23453, (757) 430-1907","10202"
"-76.055805","36.842128","Pep Boys-Virginia Beach,VA","324 Hutton Ln, Virginia Beach,VA 23454, (757) 463-9001 ","10203"
"-78.167742","39.162712","Pep Boys-Winchester,VA","2001 S Pleasant Valley Rd, Winchester,VA 22601, (540) 723-6600","10204"
"-77.264182","38.647139","Pep Boys-Woodbridge,VA","1641 Wigglesworth Way, Woodbridge,VA 22191, (703) 494-4400","10205"
"-122.226356","47.300411","Pep Boys-Auburn,WA","220 8th Street SE, Auburn,WA 98002, (253) 804-5908","10206"
"-122.664074","47.570416","Pep Boys-Bremerton,WA","3711 Kitsap Way, Bremerton,WA 98312, (360) 415-9923","10207"
"-122.338214","47.465959","Pep Boys-Burien,WA","266 SW 153rd St, Burien,WA 98166, (206) 246-4465","10208"
"-122.24284","47.90607","Pep Boys-Everett,WA","10113 Evergreen Way, Everett,WA 98204, (425) 438-8181 ","10209"
"-122.313505","47.291366","Pep Boys-Federal Way,WA","34611 16th Avenue S, Federal Way,WA 98003, (253) 927-5383","10210"
"-122.177049","48.048236","Pep Boys-Marysville,WA","70 C State Ave, Marysville,WA 98270, (360) 659-2072","10211"
"-122.292962","47.1453","Pep Boys-Puyallup,WA","12228 Meridian East, Puyallup,WA 98373, (253) 840-1800","10212"
"-122.325517","47.207767","Pep Boys-Puyallup,WA","7728 River Rd, Puyallup,WA 98371, (253) 848-3539","10213"
"-122.329077","47.579584","Pep Boys-Seattle,WA","2701 4th Avenue S, Seattle,WA 98134, (206) 628-3714","10214"
